geometry,bodyId,reference_id,mapping_status,camera_observed,flyvis_image_interpolation_supported,pixel_x,pixel_y,identity_claim
synthetic,110883,eyemap_mcns_f20240701:R:1:7,AUTHOR_PUBLISHED_COLUMN_CORRESPONDENCE,False,False,,,NONE: image-space readout only
synthetic,80370,eyemap_mcns_f20240701:R:1:8,AUTHOR_PUBLISHED_COLUMN_CORRESPONDENCE,False,False,,,NONE: image-space readout only
synthetic,95973,,MISSING_AUTHOR_BOUNDARY_COLUMN,False,False,,,NONE: image-space readout only
synthetic,153022,eyemap_mcns_f20240701:R:2:5,AUTHOR_PUBLISHED_COLUMN_CORRESPONDENCE,False,False,,,NONE: image-space readout only
synthetic,102679,eyemap_mcns_f20240701:R:2:6,AUTHOR_PUBLISHED_COLUMN_CORRESPONDENCE,False,False,,,NONE: image-space readout only
synthetic,71059,eyemap_mcns_f20240701:R:2:7,AUTHOR_PUBLISHED_COLUMN_CORRESPONDENCE,False,False,,,NONE: image-space readout only
synthetic,63386,eyemap_mcns_f20240701:R:2:8,AUTHOR_PUBLISHED_COLUMN_CORRESPONDENCE,False,False,,,NONE: image-space readout only
synthetic,51175,eyemap_mcns_f20240701:R:2:9,AUTHOR_PUBLISHED_COLUMN_CORRESPONDENCE,False,False,,,NONE: image-space readout only
synthetic,87031,eyemap_mcns_f20240701:R:2:10,AUTHOR_PUBLISHED_COLUMN_CORRESPONDENCE,False,False,,,NONE: image-space readout only
synthetic,65277,eyemap_mcns_f20240701:R:2:11,AUTHOR_PUBLISHED_COLUMN_CORRESPONDENCE,False,False,,,NONE: image-space readout only
synthetic,75482,eyemap_mcns_f20240701:R:2:12,AUTHOR_PUBLISHED_COLUMN_CORRESPONDENCE,False,False,,,NONE: image-space readout only
synthetic,87871,eyemap_mcns_f20240701:R:2:13,AUTHOR_PUBLISHED_COLUMN_CORRESPONDENCE,False,False,,,NONE: image-space readout only
synthetic,104423,eyemap_mcns_f20240701:R:3:4,AUTHOR_PUBLISHED_COLUMN_CORRESPONDENCE,False,False,,,NONE: image-space readout only
synthetic,91773,eyemap_mcns_f20240701:R:3:5,AUTHOR_PUBLISHED_COLUMN_CORRESPONDENCE,False,False,,,NONE: image-space readout only
synthetic,57301,eyemap_mcns_f20240701:R:3:6,AUTHOR_PUBLISHED_COLUMN_CORRESPONDENCE,False,False,,,NONE: image-space readout only
synthetic,50362,eyemap_mcns_f20240701:R:3:7,AUTHOR_PUBLISHED_COLUMN_CORRESPONDENCE,False,False,,,NONE: image-space readout only
synthetic,44499,eyemap_mcns_f20240701:R:3:8,AUTHOR_PUBLISHED_COLUMN_CORRESPONDENCE,False,False,,,NONE: image-space readout only
synthetic,43135,eyemap_mcns_f20240701:R:3:9,AUTHOR_PUBLISHED_COLUMN_CORRESPONDENCE,False,False,,,NONE: image-space readout only
synthetic,36037,eyemap_mcns_f20240701:R:3:10,AUTHOR_PUBLISHED_COLUMN_CORRESPONDENCE,False,False,,,NONE: image-space readout only
synthetic,31081,eyemap_mcns_f20240701:R:3:11,AUTHOR_PUBLISHED_COLUMN_CORRESPONDENCE,False,False,,,NONE: image-space readout only
synthetic,39628,eyemap_mcns_f20240701:R:3:12,AUTHOR_PUBLISHED_COLUMN_CORRESPONDENCE,False,False,,,NONE: image-space readout only
synthetic,40382,eyemap_mcns_f20240701:R:3:13,AUTHOR_PUBLISHED_COLUMN_CORRESPONDENCE,False,False,,,NONE: image-space readout only
synthetic,48825,eyemap_mcns_f20240701:R:3:14,AUTHOR_PUBLISHED_COLUMN_CORRESPONDENCE,False,False,,,NONE: image-space readout only
synthetic,60811,eyemap_mcns_f20240701:R:3:15,AUTHOR_PUBLISHED_COLUMN_CORRESPONDENCE,False,False,,,NONE: image-space readout only
synthetic,112557,eyemap_mcns_f20240701:R:4:3,AUTHOR_PUBLISHED_COLUMN_CORRESPONDENCE,False,False,,,NONE: image-space readout only
synthetic,47057,eyemap_mcns_f20240701:R:4:4,AUTHOR_PUBLISHED_COLUMN_CORRESPONDENCE,False,False,,,NONE: image-space readout only
synthetic,51150,eyemap_mcns_f20240701:R:4:5,AUTHOR_PUBLISHED_COLUMN_CORRESPONDENCE,False,False,,,NONE: image-space readout only
synthetic,38302,eyemap_mcns_f20240701:R:4:6,AUTHOR_PUBLISHED_COLUMN_CORRESPONDENCE,False,False,,,NONE: image-space readout only
synthetic,36515,eyemap_mcns_f20240701:R:4:7,AUTHOR_PUBLISHED_COLUMN_CORRESPONDENCE,False,False,,,NONE: image-space readout only
synthetic,38277,eyemap_mcns_f20240701:R:4:8,AUTHOR_PUBLISHED_COLUMN_CORRESPONDENCE,False,False,,,NONE: image-space readout only
synthetic,39822,eyemap_mcns_f20240701:R:4:9,AUTHOR_PUBLISHED_COLUMN_CORRESPONDENCE,False,False,,,NONE: image-space readout only
synthetic,28405,eyemap_mcns_f20240701:R:4:10,AUTHOR_PUBLISHED_COLUMN_CORRESPONDENCE,False,False,,,NONE: image-space readout only
synthetic,28128,eyemap_mcns_f20240701:R:4:11,AUTHOR_PUBLISHED_COLUMN_CORRESPONDENCE,False,False,,,NONE: image-space readout only
synthetic,30403,eyemap_mcns_f20240701:R:4:12,AUTHOR_PUBLISHED_COLUMN_CORRESPONDENCE,False,False,,,NONE: image-space readout only
synthetic,31926,eyemap_mcns_f20240701:R:4:13,AUTHOR_PUBLISHED_COLUMN_CORRESPONDENCE,False,False,,,NONE: image-space readout only
synthetic,27643,eyemap_mcns_f20240701:R:4:14,AUTHOR_PUBLISHED_COLUMN_CORRESPONDENCE,False,False,,,NONE: image-space readout only
synthetic,31149,eyemap_mcns_f20240701:R:4:15,AUTHOR_PUBLISHED_COLUMN_CORRESPONDENCE,False,False,,,NONE: image-space readout only
synthetic,45163,eyemap_mcns_f20240701:R:4:16,AUTHOR_PUBLISHED_COLUMN_CORRESPONDENCE,False,False,,,NONE: image-space readout only
synthetic,46265,eyemap_mcns_f20240701:R:4:17,AUTHOR_PUBLISHED_COLUMN_CORRESPONDENCE,False,False,,,NONE: image-space readout only
synthetic,51136,eyemap_mcns_f20240701:R:4:18,AUTHOR_PUBLISHED_COLUMN_CORRESPONDENCE,False,False,,,NONE: image-space readout only
synthetic,113727,eyemap_mcns_f20240701:R:5:2,AUTHOR_PUBLISHED_COLUMN_CORRESPONDENCE,False,False,,,NONE: image-space readout only
synthetic,85842,eyemap_mcns_f20240701:R:5:3,AUTHOR_PUBLISHED_COLUMN_CORRESPONDENCE,False,False,,,NONE: image-space readout only
synthetic,75111,eyemap_mcns_f20240701:R:5:4,AUTHOR_PUBLISHED_COLUMN_CORRESPONDENCE,False,False,,,NONE: image-space readout only
synthetic,68311,eyemap_mcns_f20240701:R:5:5,AUTHOR_PUBLISHED_COLUMN_CORRESPONDENCE,False,False,,,NONE: image-space readout only
synthetic,35515,eyemap_mcns_f20240701:R:5:6,AUTHOR_PUBLISHED_COLUMN_CORRESPONDENCE,False,False,,,NONE: image-space readout only
synthetic,32853,eyemap_mcns_f20240701:R:5:7,AUTHOR_PUBLISHED_COLUMN_CORRESPONDENCE,False,False,,,NONE: image-space readout only
synthetic,34439,eyemap_mcns_f20240701:R:5:8,AUTHOR_PUBLISHED_COLUMN_CORRESPONDENCE,False,False,,,NONE: image-space readout only
synthetic,34716,eyemap_mcns_f20240701:R:5:9,AUTHOR_PUBLISHED_COLUMN_CORRESPONDENCE,False,False,,,NONE: image-space readout only
synthetic,27824,eyemap_mcns_f20240701:R:5:10,AUTHOR_PUBLISHED_COLUMN_CORRESPONDENCE,False,False,,,NONE: image-space readout only
synthetic,24815,eyemap_mcns_f20240701:R:5:11,AUTHOR_PUBLISHED_COLUMN_CORRESPONDENCE,False,False,,,NONE: image-space readout only
synthetic,27773,eyemap_mcns_f20240701:R:5:12,AUTHOR_PUBLISHED_COLUMN_CORRESPONDENCE,False,False,,,NONE: image-space readout only
synthetic,25660,eyemap_mcns_f20240701:R:5:13,AUTHOR_PUBLISHED_COLUMN_CORRESPONDENCE,False,False,,,NONE: image-space readout only
synthetic,22770,eyemap_mcns_f20240701:R:5:14,AUTHOR_PUBLISHED_COLUMN_CORRESPONDENCE,False,False,,,NONE: image-space readout only
synthetic,25645,eyemap_mcns_f20240701:R:5:15,AUTHOR_PUBLISHED_COLUMN_CORRESPONDENCE,False,False,,,NONE: image-space readout only
synthetic,25748,eyemap_mcns_f20240701:R:5:16,AUTHOR_PUBLISHED_COLUMN_CORRESPONDENCE,False,False,,,NONE: image-space readout only
synthetic,30969,eyemap_mcns_f20240701:R:5:17,AUTHOR_PUBLISHED_COLUMN_CORRESPONDENCE,False,False,,,NONE: image-space readout only
synthetic,30628,eyemap_mcns_f20240701:R:5:18,AUTHOR_PUBLISHED_COLUMN_CORRESPONDENCE,False,False,,,NONE: image-space readout only
synthetic,39242,eyemap_mcns_f20240701:R:5:19,AUTHOR_PUBLISHED_COLUMN_CORRESPONDENCE,False,False,,,NONE: image-space readout only
synthetic,30374,eyemap_mcns_f20240701:R:5:20,AUTHOR_PUBLISHED_COLUMN_CORRESPONDENCE,False,False,,,NONE: image-space readout only
synthetic,142992,eyemap_mcns_f20240701:R:6:1,AUTHOR_PUBLISHED_COLUMN_CORRESPONDENCE,False,False,,,NONE: image-space readout only
synthetic,160837,eyemap_mcns_f20240701:R:6:2,AUTHOR_PUBLISHED_COLUMN_CORRESPONDENCE,False,False,,,NONE: image-space readout only
synthetic,82058,eyemap_mcns_f20240701:R:6:3,AUTHOR_PUBLISHED_COLUMN_CORRESPONDENCE,False,False,,,NONE: image-space readout only
synthetic,35097,eyemap_mcns_f20240701:R:6:4,AUTHOR_PUBLISHED_COLUMN_CORRESPONDENCE,False,False,,,NONE: image-space readout only
synthetic,38310,eyemap_mcns_f20240701:R:6:5,AUTHOR_PUBLISHED_COLUMN_CORRESPONDENCE,False,False,,,NONE: image-space readout only
synthetic,33433,eyemap_mcns_f20240701:R:6:6,AUTHOR_PUBLISHED_COLUMN_CORRESPONDENCE,False,False,,,NONE: image-space readout only
synthetic,32945,eyemap_mcns_f20240701:R:6:7,AUTHOR_PUBLISHED_COLUMN_CORRESPONDENCE,False,False,,,NONE: image-space readout only
synthetic,37394,eyemap_mcns_f20240701:R:6:8,AUTHOR_PUBLISHED_COLUMN_CORRESPONDENCE,False,False,,,NONE: image-space readout only
synthetic,27688,eyemap_mcns_f20240701:R:6:9,AUTHOR_PUBLISHED_COLUMN_CORRESPONDENCE,False,False,,,NONE: image-space readout only
synthetic,27351,eyemap_mcns_f20240701:R:6:10,AUTHOR_PUBLISHED_COLUMN_CORRESPONDENCE,False,False,,,NONE: image-space readout only
synthetic,25779,eyemap_mcns_f20240701:R:6:11,AUTHOR_PUBLISHED_COLUMN_CORRESPONDENCE,False,False,,,NONE: image-space readout only
synthetic,28477,eyemap_mcns_f20240701:R:6:12,AUTHOR_PUBLISHED_COLUMN_CORRESPONDENCE,False,False,,,NONE: image-space readout only
synthetic,26742,eyemap_mcns_f20240701:R:6:13,AUTHOR_PUBLISHED_COLUMN_CORRESPONDENCE,False,False,,,NONE: image-space readout only
synthetic,25442,eyemap_mcns_f20240701:R:6:14,AUTHOR_PUBLISHED_COLUMN_CORRESPONDENCE,False,False,,,NONE: image-space readout only
synthetic,25214,eyemap_mcns_f20240701:R:6:15,AUTHOR_PUBLISHED_COLUMN_CORRESPONDENCE,False,False,,,NONE: image-space readout only
synthetic,73965,eyemap_mcns_f20240701:R:6:16,AUTHOR_PUBLISHED_COLUMN_CORRESPONDENCE,False,False,,,NONE: image-space readout only
synthetic,24353,eyemap_mcns_f20240701:R:6:17,AUTHOR_PUBLISHED_COLUMN_CORRESPONDENCE,False,False,,,NONE: image-space readout only
synthetic,25950,eyemap_mcns_f20240701:R:6:18,AUTHOR_PUBLISHED_COLUMN_CORRESPONDENCE,False,False,,,NONE: image-space readout only
synthetic,19527,eyemap_mcns_f20240701:R:6:19,AUTHOR_PUBLISHED_COLUMN_CORRESPONDENCE,False,False,,,NONE: image-space readout only
synthetic,20221,eyemap_mcns_f20240701:R:6:20,AUTHOR_PUBLISHED_COLUMN_CORRESPONDENCE,False,False,,,NONE: image-space readout only
synthetic,59687,eyemap_mcns_f20240701:R:6:21,AUTHOR_PUBLISHED_COLUMN_CORRESPONDENCE,False,False,,,NONE: image-space readout only
synthetic,39559,eyemap_mcns_f20240701:R:6:22,AUTHOR_PUBLISHED_COLUMN_CORRESPONDENCE,False,False,,,NONE: image-space readout only
synthetic,120667,eyemap_mcns_f20240701:R:7:1,AUTHOR_PUBLISHED_COLUMN_CORRESPONDENCE,False,False,,,NONE: image-space readout only
synthetic,91871,eyemap_mcns_f20240701:R:7:2,AUTHOR_PUBLISHED_COLUMN_CORRESPONDENCE,False,False,,,NONE: image-space readout only
synthetic,68733,eyemap_mcns_f20240701:R:7:3,AUTHOR_PUBLISHED_COLUMN_CORRESPONDENCE,False,False,,,NONE: image-space readout only
synthetic,63860,eyemap_mcns_f20240701:R:7:4,AUTHOR_PUBLISHED_COLUMN_CORRESPONDENCE,False,False,,,NONE: image-space readout only
synthetic,59895,eyemap_mcns_f20240701:R:7:5,AUTHOR_PUBLISHED_COLUMN_CORRESPONDENCE,False,False,,,NONE: image-space readout only
synthetic,37504,eyemap_mcns_f20240701:R:7:6,AUTHOR_PUBLISHED_COLUMN_CORRESPONDENCE,False,False,,,NONE: image-space readout only
synthetic,35110,eyemap_mcns_f20240701:R:7:7,AUTHOR_PUBLISHED_COLUMN_CORRESPONDENCE,False,False,,,NONE: image-space readout only
synthetic,31727,eyemap_mcns_f20240701:R:7:8,AUTHOR_PUBLISHED_COLUMN_CORRESPONDENCE,False,False,,,NONE: image-space readout only
synthetic,27128,eyemap_mcns_f20240701:R:7:9,AUTHOR_PUBLISHED_COLUMN_CORRESPONDENCE,False,False,,,NONE: image-space readout only
synthetic,27433,eyemap_mcns_f20240701:R:7:10,AUTHOR_PUBLISHED_COLUMN_CORRESPONDENCE,False,False,,,NONE: image-space readout only
synthetic,25930,eyemap_mcns_f20240701:R:7:11,AUTHOR_PUBLISHED_COLUMN_CORRESPONDENCE,False,False,,,NONE: image-space readout only
synthetic,27196,eyemap_mcns_f20240701:R:7:12,AUTHOR_PUBLISHED_COLUMN_CORRESPONDENCE,False,False,,,NONE: image-space readout only
synthetic,25816,eyemap_mcns_f20240701:R:7:13,AUTHOR_PUBLISHED_COLUMN_CORRESPONDENCE,False,False,,,NONE: image-space readout only
synthetic,28057,eyemap_mcns_f20240701:R:7:14,AUTHOR_PUBLISHED_COLUMN_CORRESPONDENCE,False,False,,,NONE: image-space readout only
synthetic,27030,eyemap_mcns_f20240701:R:7:15,AUTHOR_PUBLISHED_COLUMN_CORRESPONDENCE,False,False,,,NONE: image-space readout only
synthetic,27447,eyemap_mcns_f20240701:R:7:16,AUTHOR_PUBLISHED_COLUMN_CORRESPONDENCE,False,False,,,NONE: image-space readout only
synthetic,23078,eyemap_mcns_f20240701:R:7:17,AUTHOR_PUBLISHED_COLUMN_CORRESPONDENCE,False,False,,,NONE: image-space readout only
synthetic,23306,eyemap_mcns_f20240701:R:7:18,AUTHOR_PUBLISHED_COLUMN_CORRESPONDENCE,False,False,,,NONE: image-space readout only
synthetic,25408,eyemap_mcns_f20240701:R:7:19,AUTHOR_PUBLISHED_COLUMN_CORRESPONDENCE,False,False,,,NONE: image-space readout only
synthetic,19516,eyemap_mcns_f20240701:R:7:20,AUTHOR_PUBLISHED_COLUMN_CORRESPONDENCE,False,False,,,NONE: image-space readout only
synthetic,67688,eyemap_mcns_f20240701:R:7:21,AUTHOR_PUBLISHED_COLUMN_CORRESPONDENCE,False,False,,,NONE: image-space readout only
synthetic,38412,eyemap_mcns_f20240701:R:7:22,AUTHOR_PUBLISHED_COLUMN_CORRESPONDENCE,False,False,,,NONE: image-space readout only
synthetic,29519,eyemap_mcns_f20240701:R:7:23,AUTHOR_PUBLISHED_COLUMN_CORRESPONDENCE,False,False,,,NONE: image-space readout only
synthetic,28115,eyemap_mcns_f20240701:R:7:24,AUTHOR_PUBLISHED_COLUMN_CORRESPONDENCE,False,False,,,NONE: image-space readout only
synthetic,124450,eyemap_mcns_f20240701:R:8:1,AUTHOR_PUBLISHED_COLUMN_CORRESPONDENCE,False,False,,,NONE: image-space readout only
synthetic,78714,eyemap_mcns_f20240701:R:8:2,AUTHOR_PUBLISHED_COLUMN_CORRESPONDENCE,False,False,,,NONE: image-space readout only
synthetic,63316,eyemap_mcns_f20240701:R:8:3,AUTHOR_PUBLISHED_COLUMN_CORRESPONDENCE,False,False,,,NONE: image-space readout only
synthetic,54508,eyemap_mcns_f20240701:R:8:4,AUTHOR_PUBLISHED_COLUMN_CORRESPONDENCE,False,False,,,NONE: image-space readout only
synthetic,42526,eyemap_mcns_f20240701:R:8:5,AUTHOR_PUBLISHED_COLUMN_CORRESPONDENCE,False,False,,,NONE: image-space readout only
synthetic,39594,eyemap_mcns_f20240701:R:8:6,AUTHOR_PUBLISHED_COLUMN_CORRESPONDENCE,False,False,,,NONE: image-space readout only
synthetic,35023,eyemap_mcns_f20240701:R:8:7,AUTHOR_PUBLISHED_COLUMN_CORRESPONDENCE,False,False,,,NONE: image-space readout only
synthetic,35612,eyemap_mcns_f20240701:R:8:8,AUTHOR_PUBLISHED_COLUMN_CORRESPONDENCE,False,False,,,NONE: image-space readout only
synthetic,29661,eyemap_mcns_f20240701:R:8:9,AUTHOR_PUBLISHED_COLUMN_CORRESPONDENCE,False,False,,,NONE: image-space readout only
synthetic,27227,eyemap_mcns_f20240701:R:8:10,AUTHOR_PUBLISHED_COLUMN_CORRESPONDENCE,False,False,,,NONE: image-space readout only
synthetic,25431,eyemap_mcns_f20240701:R:8:11,AUTHOR_PUBLISHED_COLUMN_CORRESPONDENCE,False,False,,,NONE: image-space readout only
synthetic,28294,eyemap_mcns_f20240701:R:8:12,AUTHOR_PUBLISHED_COLUMN_CORRESPONDENCE,False,False,,,NONE: image-space readout only
synthetic,23934,eyemap_mcns_f20240701:R:8:13,AUTHOR_PUBLISHED_COLUMN_CORRESPONDENCE,False,False,,,NONE: image-space readout only
synthetic,26237,eyemap_mcns_f20240701:R:8:14,AUTHOR_PUBLISHED_COLUMN_CORRESPONDENCE,False,False,,,NONE: image-space readout only
synthetic,27009,eyemap_mcns_f20240701:R:8:15,AUTHOR_PUBLISHED_COLUMN_CORRESPONDENCE,False,False,,,NONE: image-space readout only
synthetic,28629,eyemap_mcns_f20240701:R:8:16,AUTHOR_PUBLISHED_COLUMN_CORRESPONDENCE,False,False,,,NONE: image-space readout only
synthetic,31864,eyemap_mcns_f20240701:R:8:17,AUTHOR_PUBLISHED_COLUMN_CORRESPONDENCE,False,False,,,NONE: image-space readout only
synthetic,24368,eyemap_mcns_f20240701:R:8:18,AUTHOR_PUBLISHED_COLUMN_CORRESPONDENCE,False,False,,,NONE: image-space readout only
synthetic,21994,eyemap_mcns_f20240701:R:8:19,AUTHOR_PUBLISHED_COLUMN_CORRESPONDENCE,False,False,,,NONE: image-space readout only
synthetic,66052,eyemap_mcns_f20240701:R:8:20,AUTHOR_PUBLISHED_COLUMN_CORRESPONDENCE,False,False,,,NONE: image-space readout only
synthetic,25515,eyemap_mcns_f20240701:R:8:21,AUTHOR_PUBLISHED_COLUMN_CORRESPONDENCE,False,False,,,NONE: image-space readout only
synthetic,23253,eyemap_mcns_f20240701:R:8:22,AUTHOR_PUBLISHED_COLUMN_CORRESPONDENCE,False,False,,,NONE: image-space readout only
synthetic,25508,eyemap_mcns_f20240701:R:8:23,AUTHOR_PUBLISHED_COLUMN_CORRESPONDENCE,False,False,,,NONE: image-space readout only
synthetic,24762,eyemap_mcns_f20240701:R:8:24,AUTHOR_PUBLISHED_COLUMN_CORRESPONDENCE,False,False,,,NONE: image-space readout only
synthetic,31163,eyemap_mcns_f20240701:R:8:25,AUTHOR_PUBLISHED_COLUMN_CORRESPONDENCE,False,False,,,NONE: image-space readout only
synthetic,41422,eyemap_mcns_f20240701:R:8:26,AUTHOR_PUBLISHED_COLUMN_CORRESPONDENCE,False,False,,,NONE: image-space readout only
synthetic,107398,eyemap_mcns_f20240701:R:9:1,AUTHOR_PUBLISHED_COLUMN_CORRESPONDENCE,False,False,,,NONE: image-space readout only
synthetic,71598,eyemap_mcns_f20240701:R:9:2,AUTHOR_PUBLISHED_COLUMN_CORRESPONDENCE,False,False,,,NONE: image-space readout only
synthetic,56109,eyemap_mcns_f20240701:R:9:3,AUTHOR_PUBLISHED_COLUMN_CORRESPONDENCE,False,False,,,NONE: image-space readout only
synthetic,52074,eyemap_mcns_f20240701:R:9:4,AUTHOR_PUBLISHED_COLUMN_CORRESPONDENCE,False,False,,,NONE: image-space readout only
synthetic,29647,eyemap_mcns_f20240701:R:9:5,AUTHOR_PUBLISHED_COLUMN_CORRESPONDENCE,False,False,,,NONE: image-space readout only
synthetic,38397,eyemap_mcns_f20240701:R:9:6,AUTHOR_PUBLISHED_COLUMN_CORRESPONDENCE,False,False,,,NONE: image-space readout only
synthetic,37928,eyemap_mcns_f20240701:R:9:7,AUTHOR_PUBLISHED_COLUMN_CORRESPONDENCE,False,False,,,NONE: image-space readout only
synthetic,33338,eyemap_mcns_f20240701:R:9:8,AUTHOR_PUBLISHED_COLUMN_CORRESPONDENCE,False,False,,,NONE: image-space readout only
synthetic,30010,eyemap_mcns_f20240701:R:9:9,AUTHOR_PUBLISHED_COLUMN_CORRESPONDENCE,False,False,,,NONE: image-space readout only
synthetic,32670,eyemap_mcns_f20240701:R:9:10,AUTHOR_PUBLISHED_COLUMN_CORRESPONDENCE,False,False,,,NONE: image-space readout only
synthetic,27434,eyemap_mcns_f20240701:R:9:11,AUTHOR_PUBLISHED_COLUMN_CORRESPONDENCE,False,False,,,NONE: image-space readout only
synthetic,27087,eyemap_mcns_f20240701:R:9:12,AUTHOR_PUBLISHED_COLUMN_CORRESPONDENCE,False,False,,,NONE: image-space readout only
synthetic,25801,eyemap_mcns_f20240701:R:9:13,AUTHOR_PUBLISHED_COLUMN_CORRESPONDENCE,False,False,,,NONE: image-space readout only
synthetic,26351,eyemap_mcns_f20240701:R:9:14,AUTHOR_PUBLISHED_COLUMN_CORRESPONDENCE,False,False,,,NONE: image-space readout only
synthetic,30321,eyemap_mcns_f20240701:R:9:15,AUTHOR_PUBLISHED_COLUMN_CORRESPONDENCE,False,False,,,NONE: image-space readout only
synthetic,30956,eyemap_mcns_f20240701:R:9:16,AUTHOR_PUBLISHED_COLUMN_CORRESPONDENCE,False,False,,,NONE: image-space readout only
synthetic,30268,eyemap_mcns_f20240701:R:9:17,AUTHOR_PUBLISHED_COLUMN_CORRESPONDENCE,False,False,,,NONE: image-space readout only
synthetic,32500,eyemap_mcns_f20240701:R:9:18,AUTHOR_PUBLISHED_COLUMN_CORRESPONDENCE,False,False,,,NONE: image-space readout only
synthetic,33317,eyemap_mcns_f20240701:R:9:19,AUTHOR_PUBLISHED_COLUMN_CORRESPONDENCE,False,False,,,NONE: image-space readout only
synthetic,29610,eyemap_mcns_f20240701:R:9:20,AUTHOR_PUBLISHED_COLUMN_CORRESPONDENCE,False,False,,,NONE: image-space readout only
synthetic,32598,eyemap_mcns_f20240701:R:9:21,AUTHOR_PUBLISHED_COLUMN_CORRESPONDENCE,False,False,,,NONE: image-space readout only
synthetic,23146,eyemap_mcns_f20240701:R:9:22,AUTHOR_PUBLISHED_COLUMN_CORRESPONDENCE,False,False,,,NONE: image-space readout only
synthetic,24108,eyemap_mcns_f20240701:R:9:23,AUTHOR_PUBLISHED_COLUMN_CORRESPONDENCE,False,False,,,NONE: image-space readout only
synthetic,23914,eyemap_mcns_f20240701:R:9:24,AUTHOR_PUBLISHED_COLUMN_CORRESPONDENCE,False,False,,,NONE: image-space readout only
synthetic,24430,eyemap_mcns_f20240701:R:9:25,AUTHOR_PUBLISHED_COLUMN_CORRESPONDENCE,False,False,,,NONE: image-space readout only
synthetic,24433,eyemap_mcns_f20240701:R:9:26,AUTHOR_PUBLISHED_COLUMN_CORRESPONDENCE,False,False,,,NONE: image-space readout only
synthetic,26328,eyemap_mcns_f20240701:R:9:27,AUTHOR_PUBLISHED_COLUMN_CORRESPONDENCE,False,False,,,NONE: image-space readout only
synthetic,42416,,MISSING_AUTHOR_BOUNDARY_COLUMN,False,False,,,NONE: image-space readout only
synthetic,97977,eyemap_mcns_f20240701:R:10:1,AUTHOR_PUBLISHED_COLUMN_CORRESPONDENCE,False,False,,,NONE: image-space readout only
synthetic,35347,eyemap_mcns_f20240701:R:10:2,AUTHOR_PUBLISHED_COLUMN_CORRESPONDENCE,False,False,,,NONE: image-space readout only
synthetic,51534,eyemap_mcns_f20240701:R:10:3,AUTHOR_PUBLISHED_COLUMN_CORRESPONDENCE,True,False,261.1918668605347,411.42566523900564,NONE: image-space readout only
synthetic,18243,eyemap_mcns_f20240701:R:10:4,AUTHOR_PUBLISHED_COLUMN_CORRESPONDENCE,True,False,285.5323854037766,404.4650818749511,NONE: image-space readout only
synthetic,27064,eyemap_mcns_f20240701:R:10:5,AUTHOR_PUBLISHED_COLUMN_CORRESPONDENCE,True,False,310.40769602842204,403.6453938157234,NONE: image-space readout only
synthetic,34513,eyemap_mcns_f20240701:R:10:6,AUTHOR_PUBLISHED_COLUMN_CORRESPONDENCE,True,False,340.0205857178469,403.6336468563029,NONE: image-space readout only
synthetic,35651,eyemap_mcns_f20240701:R:10:7,AUTHOR_PUBLISHED_COLUMN_CORRESPONDENCE,True,False,371.4354614752614,400.38116848922516,NONE: image-space readout only
synthetic,35497,eyemap_mcns_f20240701:R:10:8,AUTHOR_PUBLISHED_COLUMN_CORRESPONDENCE,True,False,401.8021504976549,403.8975060073077,NONE: image-space readout only
synthetic,35299,eyemap_mcns_f20240701:R:10:9,AUTHOR_PUBLISHED_COLUMN_CORRESPONDENCE,False,False,,,NONE: image-space readout only
synthetic,36762,eyemap_mcns_f20240701:R:10:10,AUTHOR_PUBLISHED_COLUMN_CORRESPONDENCE,False,False,,,NONE: image-space readout only
synthetic,32458,eyemap_mcns_f20240701:R:10:11,AUTHOR_PUBLISHED_COLUMN_CORRESPONDENCE,False,False,,,NONE: image-space readout only
synthetic,27764,eyemap_mcns_f20240701:R:10:12,AUTHOR_PUBLISHED_COLUMN_CORRESPONDENCE,False,False,,,NONE: image-space readout only
synthetic,26254,eyemap_mcns_f20240701:R:10:13,AUTHOR_PUBLISHED_COLUMN_CORRESPONDENCE,False,False,,,NONE: image-space readout only
synthetic,28926,eyemap_mcns_f20240701:R:10:14,AUTHOR_PUBLISHED_COLUMN_CORRESPONDENCE,False,False,,,NONE: image-space readout only
synthetic,31373,eyemap_mcns_f20240701:R:10:15,AUTHOR_PUBLISHED_COLUMN_CORRESPONDENCE,False,False,,,NONE: image-space readout only
synthetic,32089,eyemap_mcns_f20240701:R:10:16,AUTHOR_PUBLISHED_COLUMN_CORRESPONDENCE,False,False,,,NONE: image-space readout only
synthetic,31228,eyemap_mcns_f20240701:R:10:17,AUTHOR_PUBLISHED_COLUMN_CORRESPONDENCE,False,False,,,NONE: image-space readout only
synthetic,31339,eyemap_mcns_f20240701:R:10:18,AUTHOR_PUBLISHED_COLUMN_CORRESPONDENCE,False,False,,,NONE: image-space readout only
synthetic,33100,eyemap_mcns_f20240701:R:10:19,AUTHOR_PUBLISHED_COLUMN_CORRESPONDENCE,False,False,,,NONE: image-space readout only
synthetic,33758,eyemap_mcns_f20240701:R:10:20,AUTHOR_PUBLISHED_COLUMN_CORRESPONDENCE,False,False,,,NONE: image-space readout only
synthetic,24827,eyemap_mcns_f20240701:R:10:21,AUTHOR_PUBLISHED_COLUMN_CORRESPONDENCE,False,False,,,NONE: image-space readout only
synthetic,22980,eyemap_mcns_f20240701:R:10:22,AUTHOR_PUBLISHED_COLUMN_CORRESPONDENCE,False,False,,,NONE: image-space readout only
synthetic,22845,eyemap_mcns_f20240701:R:10:23,AUTHOR_PUBLISHED_COLUMN_CORRESPONDENCE,False,False,,,NONE: image-space readout only
synthetic,23084,eyemap_mcns_f20240701:R:10:24,AUTHOR_PUBLISHED_COLUMN_CORRESPONDENCE,False,False,,,NONE: image-space readout only
synthetic,23515,eyemap_mcns_f20240701:R:10:25,AUTHOR_PUBLISHED_COLUMN_CORRESPONDENCE,False,False,,,NONE: image-space readout only
synthetic,23828,eyemap_mcns_f20240701:R:10:26,AUTHOR_PUBLISHED_COLUMN_CORRESPONDENCE,False,False,,,NONE: image-space readout only
synthetic,17779,eyemap_mcns_f20240701:R:10:27,AUTHOR_PUBLISHED_COLUMN_CORRESPONDENCE,False,False,,,NONE: image-space readout only
synthetic,21847,eyemap_mcns_f20240701:R:10:28,AUTHOR_PUBLISHED_COLUMN_CORRESPONDENCE,False,False,,,NONE: image-space readout only
synthetic,27431,,MISSING_AUTHOR_BOUNDARY_COLUMN,False,False,,,NONE: image-space readout only
synthetic,530319,eyemap_mcns_f20240701:R:11:1,AUTHOR_PUBLISHED_COLUMN_CORRESPONDENCE,True,True,205.87985451064233,400.35830477384167,NONE: image-space readout only
synthetic,33880,eyemap_mcns_f20240701:R:11:2,AUTHOR_PUBLISHED_COLUMN_CORRESPONDENCE,True,True,229.18153328884873,391.69514517968315,NONE: image-space readout only
synthetic,28472,eyemap_mcns_f20240701:R:11:3,AUTHOR_PUBLISHED_COLUMN_CORRESPONDENCE,True,False,254.69831622239033,389.0067205953943,NONE: image-space readout only
synthetic,22376,eyemap_mcns_f20240701:R:11:4,AUTHOR_PUBLISHED_COLUMN_CORRESPONDENCE,True,False,275.34577519309374,383.1529446249567,NONE: image-space readout only
synthetic,25374,eyemap_mcns_f20240701:R:11:5,AUTHOR_PUBLISHED_COLUMN_CORRESPONDENCE,True,False,298.479376210093,377.94700224430676,NONE: image-space readout only
synthetic,26024,eyemap_mcns_f20240701:R:11:6,AUTHOR_PUBLISHED_COLUMN_CORRESPONDENCE,True,False,325.12055684066854,375.55813668243695,NONE: image-space readout only
synthetic,35328,eyemap_mcns_f20240701:R:11:7,AUTHOR_PUBLISHED_COLUMN_CORRESPONDENCE,True,False,353.3716896598292,372.0124379635279,NONE: image-space readout only
synthetic,59899,eyemap_mcns_f20240701:R:11:8,AUTHOR_PUBLISHED_COLUMN_CORRESPONDENCE,True,False,378.89003314513275,368.4889646869812,NONE: image-space readout only
synthetic,37249,eyemap_mcns_f20240701:R:11:9,AUTHOR_PUBLISHED_COLUMN_CORRESPONDENCE,True,False,408.15156775337016,367.82697330158277,NONE: image-space readout only
synthetic,33798,eyemap_mcns_f20240701:R:11:10,AUTHOR_PUBLISHED_COLUMN_CORRESPONDENCE,False,False,,,NONE: image-space readout only
synthetic,31057,eyemap_mcns_f20240701:R:11:11,AUTHOR_PUBLISHED_COLUMN_CORRESPONDENCE,False,False,,,NONE: image-space readout only
synthetic,29164,eyemap_mcns_f20240701:R:11:12,AUTHOR_PUBLISHED_COLUMN_CORRESPONDENCE,False,False,,,NONE: image-space readout only
synthetic,28748,eyemap_mcns_f20240701:R:11:13,AUTHOR_PUBLISHED_COLUMN_CORRESPONDENCE,False,False,,,NONE: image-space readout only
synthetic,29472,eyemap_mcns_f20240701:R:11:14,AUTHOR_PUBLISHED_COLUMN_CORRESPONDENCE,False,False,,,NONE: image-space readout only
synthetic,30548,eyemap_mcns_f20240701:R:11:15,AUTHOR_PUBLISHED_COLUMN_CORRESPONDENCE,False,False,,,NONE: image-space readout only
synthetic,31400,eyemap_mcns_f20240701:R:11:16,AUTHOR_PUBLISHED_COLUMN_CORRESPONDENCE,False,False,,,NONE: image-space readout only
synthetic,33526,eyemap_mcns_f20240701:R:11:17,AUTHOR_PUBLISHED_COLUMN_CORRESPONDENCE,False,False,,,NONE: image-space readout only
synthetic,34476,eyemap_mcns_f20240701:R:11:18,AUTHOR_PUBLISHED_COLUMN_CORRESPONDENCE,False,False,,,NONE: image-space readout only
synthetic,34288,eyemap_mcns_f20240701:R:11:19,AUTHOR_PUBLISHED_COLUMN_CORRESPONDENCE,False,False,,,NONE: image-space readout only
synthetic,32407,eyemap_mcns_f20240701:R:11:20,AUTHOR_PUBLISHED_COLUMN_CORRESPONDENCE,False,False,,,NONE: image-space readout only
synthetic,25986,eyemap_mcns_f20240701:R:11:21,AUTHOR_PUBLISHED_COLUMN_CORRESPONDENCE,False,False,,,NONE: image-space readout only
synthetic,22830,eyemap_mcns_f20240701:R:11:22,AUTHOR_PUBLISHED_COLUMN_CORRESPONDENCE,False,False,,,NONE: image-space readout only
synthetic,22160,eyemap_mcns_f20240701:R:11:23,AUTHOR_PUBLISHED_COLUMN_CORRESPONDENCE,False,False,,,NONE: image-space readout only
synthetic,22724,eyemap_mcns_f20240701:R:11:24,AUTHOR_PUBLISHED_COLUMN_CORRESPONDENCE,False,False,,,NONE: image-space readout only
synthetic,23455,eyemap_mcns_f20240701:R:11:25,AUTHOR_PUBLISHED_COLUMN_CORRESPONDENCE,False,False,,,NONE: image-space readout only
synthetic,23060,eyemap_mcns_f20240701:R:11:26,AUTHOR_PUBLISHED_COLUMN_CORRESPONDENCE,False,False,,,NONE: image-space readout only
synthetic,22304,eyemap_mcns_f20240701:R:11:27,AUTHOR_PUBLISHED_COLUMN_CORRESPONDENCE,False,False,,,NONE: image-space readout only
synthetic,23205,eyemap_mcns_f20240701:R:11:28,AUTHOR_PUBLISHED_COLUMN_CORRESPONDENCE,False,False,,,NONE: image-space readout only
synthetic,21187,eyemap_mcns_f20240701:R:11:29,AUTHOR_PUBLISHED_COLUMN_CORRESPONDENCE,False,False,,,NONE: image-space readout only
synthetic,24210,,MISSING_AUTHOR_BOUNDARY_COLUMN,False,False,,,NONE: image-space readout only
synthetic,116963,eyemap_mcns_f20240701:R:12:1,AUTHOR_PUBLISHED_COLUMN_CORRESPONDENCE,True,True,197.38589563709613,374.0318307854202,NONE: image-space readout only
synthetic,41104,eyemap_mcns_f20240701:R:12:2,AUTHOR_PUBLISHED_COLUMN_CORRESPONDENCE,True,True,220.936857824866,368.4115662810744,NONE: image-space readout only
synthetic,47412,eyemap_mcns_f20240701:R:12:3,AUTHOR_PUBLISHED_COLUMN_CORRESPONDENCE,True,True,244.19499278197117,363.45623977323737,NONE: image-space readout only
synthetic,24716,eyemap_mcns_f20240701:R:12:4,AUTHOR_PUBLISHED_COLUMN_CORRESPONDENCE,True,True,264.2905368554388,361.14646553733576,NONE: image-space readout only
synthetic,25809,eyemap_mcns_f20240701:R:12:5,AUTHOR_PUBLISHED_COLUMN_CORRESPONDENCE,True,True,285.6815694877361,354.8784874648213,NONE: image-space readout only
synthetic,25056,eyemap_mcns_f20240701:R:12:6,AUTHOR_PUBLISHED_COLUMN_CORRESPONDENCE,True,True,309.6873913696984,350.5759060876567,NONE: image-space readout only
synthetic,34764,eyemap_mcns_f20240701:R:12:7,AUTHOR_PUBLISHED_COLUMN_CORRESPONDENCE,True,False,335.2095685380451,347.5864598099895,NONE: image-space readout only
synthetic,38636,eyemap_mcns_f20240701:R:12:8,AUTHOR_PUBLISHED_COLUMN_CORRESPONDENCE,True,False,357.9357649790296,344.48832204129053,NONE: image-space readout only
synthetic,36015,eyemap_mcns_f20240701:R:12:9,AUTHOR_PUBLISHED_COLUMN_CORRESPONDENCE,True,False,381.79821102682854,340.5934426967895,NONE: image-space readout only
synthetic,34623,eyemap_mcns_f20240701:R:12:10,AUTHOR_PUBLISHED_COLUMN_CORRESPONDENCE,False,False,,,NONE: image-space readout only
synthetic,33954,eyemap_mcns_f20240701:R:12:11,AUTHOR_PUBLISHED_COLUMN_CORRESPONDENCE,False,False,,,NONE: image-space readout only
synthetic,30502,eyemap_mcns_f20240701:R:12:12,AUTHOR_PUBLISHED_COLUMN_CORRESPONDENCE,False,False,,,NONE: image-space readout only
synthetic,31288,eyemap_mcns_f20240701:R:12:13,AUTHOR_PUBLISHED_COLUMN_CORRESPONDENCE,False,False,,,NONE: image-space readout only
synthetic,30251,eyemap_mcns_f20240701:R:12:14,AUTHOR_PUBLISHED_COLUMN_CORRESPONDENCE,False,False,,,NONE: image-space readout only
synthetic,31773,eyemap_mcns_f20240701:R:12:15,AUTHOR_PUBLISHED_COLUMN_CORRESPONDENCE,False,False,,,NONE: image-space readout only
synthetic,32147,eyemap_mcns_f20240701:R:12:16,AUTHOR_PUBLISHED_COLUMN_CORRESPONDENCE,False,False,,,NONE: image-space readout only
synthetic,33682,eyemap_mcns_f20240701:R:12:17,AUTHOR_PUBLISHED_COLUMN_CORRESPONDENCE,False,False,,,NONE: image-space readout only
synthetic,37456,eyemap_mcns_f20240701:R:12:18,AUTHOR_PUBLISHED_COLUMN_CORRESPONDENCE,False,False,,,NONE: image-space readout only
synthetic,33742,eyemap_mcns_f20240701:R:12:19,AUTHOR_PUBLISHED_COLUMN_CORRESPONDENCE,False,False,,,NONE: image-space readout only
synthetic,32444,eyemap_mcns_f20240701:R:12:20,AUTHOR_PUBLISHED_COLUMN_CORRESPONDENCE,False,False,,,NONE: image-space readout only
synthetic,28277,eyemap_mcns_f20240701:R:12:21,AUTHOR_PUBLISHED_COLUMN_CORRESPONDENCE,False,False,,,NONE: image-space readout only
synthetic,25040,eyemap_mcns_f20240701:R:12:22,AUTHOR_PUBLISHED_COLUMN_CORRESPONDENCE,False,False,,,NONE: image-space readout only
synthetic,22921,eyemap_mcns_f20240701:R:12:23,AUTHOR_PUBLISHED_COLUMN_CORRESPONDENCE,False,False,,,NONE: image-space readout only
synthetic,23635,eyemap_mcns_f20240701:R:12:24,AUTHOR_PUBLISHED_COLUMN_CORRESPONDENCE,False,False,,,NONE: image-space readout only
synthetic,22542,eyemap_mcns_f20240701:R:12:25,AUTHOR_PUBLISHED_COLUMN_CORRESPONDENCE,False,False,,,NONE: image-space readout only
synthetic,22074,eyemap_mcns_f20240701:R:12:26,AUTHOR_PUBLISHED_COLUMN_CORRESPONDENCE,False,False,,,NONE: image-space readout only
synthetic,23669,eyemap_mcns_f20240701:R:12:27,AUTHOR_PUBLISHED_COLUMN_CORRESPONDENCE,False,False,,,NONE: image-space readout only
synthetic,21343,eyemap_mcns_f20240701:R:12:28,AUTHOR_PUBLISHED_COLUMN_CORRESPONDENCE,False,False,,,NONE: image-space readout only
synthetic,23605,eyemap_mcns_f20240701:R:12:29,AUTHOR_PUBLISHED_COLUMN_CORRESPONDENCE,False,False,,,NONE: image-space readout only
synthetic,21524,eyemap_mcns_f20240701:R:12:30,AUTHOR_PUBLISHED_COLUMN_CORRESPONDENCE,False,False,,,NONE: image-space readout only
synthetic,21327,,MISSING_AUTHOR_BOUNDARY_COLUMN,False,False,,,NONE: image-space readout only
synthetic,96895,,MISSING_AUTHOR_BOUNDARY_COLUMN,False,False,,,NONE: image-space readout only
synthetic,70811,eyemap_mcns_f20240701:R:13:2,AUTHOR_PUBLISHED_COLUMN_CORRESPONDENCE,True,True,206.76571038192827,351.7023443764137,NONE: image-space readout only
synthetic,28742,eyemap_mcns_f20240701:R:13:3,AUTHOR_PUBLISHED_COLUMN_CORRESPONDENCE,True,True,232.20767429118118,346.82573530515907,NONE: image-space readout only
synthetic,24756,eyemap_mcns_f20240701:R:13:4,AUTHOR_PUBLISHED_COLUMN_CORRESPONDENCE,True,True,251.9112868484363,340.1277035170466,NONE: image-space readout only
synthetic,22642,eyemap_mcns_f20240701:R:13:5,AUTHOR_PUBLISHED_COLUMN_CORRESPONDENCE,True,True,271.28709284019055,335.32887855371587,NONE: image-space readout only
synthetic,22061,eyemap_mcns_f20240701:R:13:6,AUTHOR_PUBLISHED_COLUMN_CORRESPONDENCE,True,True,291.77021912596274,329.44610211834083,NONE: image-space readout only
synthetic,32710,eyemap_mcns_f20240701:R:13:7,AUTHOR_PUBLISHED_COLUMN_CORRESPONDENCE,True,True,317.742396063811,323.55459443242785,NONE: image-space readout only
synthetic,33759,eyemap_mcns_f20240701:R:13:8,AUTHOR_PUBLISHED_COLUMN_CORRESPONDENCE,True,True,338.82926019694673,319.17262247685335,NONE: image-space readout only
synthetic,34854,eyemap_mcns_f20240701:R:13:9,AUTHOR_PUBLISHED_COLUMN_CORRESPONDENCE,True,True,363.368971428989,318.200231020509,NONE: image-space readout only
synthetic,35481,eyemap_mcns_f20240701:R:13:10,AUTHOR_PUBLISHED_COLUMN_CORRESPONDENCE,True,False,392.6111058768636,312.82289006114826,NONE: image-space readout only
synthetic,36738,eyemap_mcns_f20240701:R:13:11,AUTHOR_PUBLISHED_COLUMN_CORRESPONDENCE,False,False,,,NONE: image-space readout only
synthetic,35647,eyemap_mcns_f20240701:R:13:12,AUTHOR_PUBLISHED_COLUMN_CORRESPONDENCE,False,False,,,NONE: image-space readout only
synthetic,34919,eyemap_mcns_f20240701:R:13:13,AUTHOR_PUBLISHED_COLUMN_CORRESPONDENCE,False,False,,,NONE: image-space readout only
synthetic,36238,eyemap_mcns_f20240701:R:13:14,AUTHOR_PUBLISHED_COLUMN_CORRESPONDENCE,False,False,,,NONE: image-space readout only
synthetic,31939,eyemap_mcns_f20240701:R:13:15,AUTHOR_PUBLISHED_COLUMN_CORRESPONDENCE,False,False,,,NONE: image-space readout only
synthetic,31025,eyemap_mcns_f20240701:R:13:16,AUTHOR_PUBLISHED_COLUMN_CORRESPONDENCE,False,False,,,NONE: image-space readout only
synthetic,29530,eyemap_mcns_f20240701:R:13:17,AUTHOR_PUBLISHED_COLUMN_CORRESPONDENCE,False,False,,,NONE: image-space readout only
synthetic,34955,eyemap_mcns_f20240701:R:13:18,AUTHOR_PUBLISHED_COLUMN_CORRESPONDENCE,False,False,,,NONE: image-space readout only
synthetic,35457,eyemap_mcns_f20240701:R:13:19,AUTHOR_PUBLISHED_COLUMN_CORRESPONDENCE,False,False,,,NONE: image-space readout only
synthetic,32479,eyemap_mcns_f20240701:R:13:20,AUTHOR_PUBLISHED_COLUMN_CORRESPONDENCE,False,False,,,NONE: image-space readout only
synthetic,30823,eyemap_mcns_f20240701:R:13:21,AUTHOR_PUBLISHED_COLUMN_CORRESPONDENCE,False,False,,,NONE: image-space readout only
synthetic,30050,eyemap_mcns_f20240701:R:13:22,AUTHOR_PUBLISHED_COLUMN_CORRESPONDENCE,False,False,,,NONE: image-space readout only
synthetic,23803,eyemap_mcns_f20240701:R:13:23,AUTHOR_PUBLISHED_COLUMN_CORRESPONDENCE,False,False,,,NONE: image-space readout only
synthetic,23272,eyemap_mcns_f20240701:R:13:24,AUTHOR_PUBLISHED_COLUMN_CORRESPONDENCE,False,False,,,NONE: image-space readout only
synthetic,23580,eyemap_mcns_f20240701:R:13:25,AUTHOR_PUBLISHED_COLUMN_CORRESPONDENCE,False,False,,,NONE: image-space readout only
synthetic,22539,eyemap_mcns_f20240701:R:13:26,AUTHOR_PUBLISHED_COLUMN_CORRESPONDENCE,False,False,,,NONE: image-space readout only
synthetic,23268,eyemap_mcns_f20240701:R:13:27,AUTHOR_PUBLISHED_COLUMN_CORRESPONDENCE,False,False,,,NONE: image-space readout only
synthetic,22245,eyemap_mcns_f20240701:R:13:28,AUTHOR_PUBLISHED_COLUMN_CORRESPONDENCE,False,False,,,NONE: image-space readout only
synthetic,20299,eyemap_mcns_f20240701:R:13:29,AUTHOR_PUBLISHED_COLUMN_CORRESPONDENCE,False,False,,,NONE: image-space readout only
synthetic,22939,eyemap_mcns_f20240701:R:13:30,AUTHOR_PUBLISHED_COLUMN_CORRESPONDENCE,False,False,,,NONE: image-space readout only
synthetic,22104,eyemap_mcns_f20240701:R:13:31,AUTHOR_PUBLISHED_COLUMN_CORRESPONDENCE,False,False,,,NONE: image-space readout only
synthetic,35983,,MISSING_AUTHOR_BOUNDARY_COLUMN,False,False,,,NONE: image-space readout only
synthetic,96190,eyemap_mcns_f20240701:R:14:2,AUTHOR_PUBLISHED_COLUMN_CORRESPONDENCE,True,True,193.5972351519113,347.8217620390947,NONE: image-space readout only
synthetic,27587,eyemap_mcns_f20240701:R:14:3,AUTHOR_PUBLISHED_COLUMN_CORRESPONDENCE,True,True,218.62809151992892,333.1868019103035,NONE: image-space readout only
synthetic,26449,eyemap_mcns_f20240701:R:14:4,AUTHOR_PUBLISHED_COLUMN_CORRESPONDENCE,True,True,240.73100725925997,325.92681539714374,NONE: image-space readout only
synthetic,22898,eyemap_mcns_f20240701:R:14:5,AUTHOR_PUBLISHED_COLUMN_CORRESPONDENCE,True,True,259.08428075255944,317.3356353138109,NONE: image-space readout only
synthetic,23948,eyemap_mcns_f20240701:R:14:6,AUTHOR_PUBLISHED_COLUMN_CORRESPONDENCE,True,True,278.1681557852816,310.61040833436846,NONE: image-space readout only
synthetic,24045,eyemap_mcns_f20240701:R:14:7,AUTHOR_PUBLISHED_COLUMN_CORRESPONDENCE,True,True,300.949800439724,307.37627573214047,NONE: image-space readout only
synthetic,35909,eyemap_mcns_f20240701:R:14:8,AUTHOR_PUBLISHED_COLUMN_CORRESPONDENCE,True,True,324.0770768971882,300.5870333488234,NONE: image-space readout only
synthetic,35578,eyemap_mcns_f20240701:R:14:9,AUTHOR_PUBLISHED_COLUMN_CORRESPONDENCE,True,True,345.6090126287791,295.2804722576188,NONE: image-space readout only
synthetic,31463,eyemap_mcns_f20240701:R:14:10,AUTHOR_PUBLISHED_COLUMN_CORRESPONDENCE,True,True,370.84589414894276,291.3536849211453,NONE: image-space readout only
synthetic,38633,eyemap_mcns_f20240701:R:14:11,AUTHOR_PUBLISHED_COLUMN_CORRESPONDENCE,True,True,397.34107566931914,287.0430438211384,NONE: image-space readout only
synthetic,40042,eyemap_mcns_f20240701:R:14:12,AUTHOR_PUBLISHED_COLUMN_CORRESPONDENCE,False,False,,,NONE: image-space readout only
synthetic,48065,eyemap_mcns_f20240701:R:14:13,AUTHOR_PUBLISHED_COLUMN_CORRESPONDENCE,False,False,,,NONE: image-space readout only
synthetic,32408,eyemap_mcns_f20240701:R:14:14,AUTHOR_PUBLISHED_COLUMN_CORRESPONDENCE,False,False,,,NONE: image-space readout only
synthetic,30200,eyemap_mcns_f20240701:R:14:15,AUTHOR_PUBLISHED_COLUMN_CORRESPONDENCE,False,False,,,NONE: image-space readout only
synthetic,30180,eyemap_mcns_f20240701:R:14:16,AUTHOR_PUBLISHED_COLUMN_CORRESPONDENCE,False,False,,,NONE: image-space readout only
synthetic,34041,eyemap_mcns_f20240701:R:14:17,AUTHOR_PUBLISHED_COLUMN_CORRESPONDENCE,False,False,,,NONE: image-space readout only
synthetic,33383,eyemap_mcns_f20240701:R:14:18,AUTHOR_PUBLISHED_COLUMN_CORRESPONDENCE,False,False,,,NONE: image-space readout only
synthetic,31370,eyemap_mcns_f20240701:R:14:19,AUTHOR_PUBLISHED_COLUMN_CORRESPONDENCE,False,False,,,NONE: image-space readout only
synthetic,32172,eyemap_mcns_f20240701:R:14:20,AUTHOR_PUBLISHED_COLUMN_CORRESPONDENCE,False,False,,,NONE: image-space readout only
synthetic,32925,eyemap_mcns_f20240701:R:14:21,AUTHOR_PUBLISHED_COLUMN_CORRESPONDENCE,False,False,,,NONE: image-space readout only
synthetic,31111,eyemap_mcns_f20240701:R:14:22,AUTHOR_PUBLISHED_COLUMN_CORRESPONDENCE,False,False,,,NONE: image-space readout only
synthetic,28689,eyemap_mcns_f20240701:R:14:23,AUTHOR_PUBLISHED_COLUMN_CORRESPONDENCE,False,False,,,NONE: image-space readout only
synthetic,27590,eyemap_mcns_f20240701:R:14:24,AUTHOR_PUBLISHED_COLUMN_CORRESPONDENCE,False,False,,,NONE: image-space readout only
synthetic,23466,eyemap_mcns_f20240701:R:14:25,AUTHOR_PUBLISHED_COLUMN_CORRESPONDENCE,False,False,,,NONE: image-space readout only
synthetic,23335,eyemap_mcns_f20240701:R:14:26,AUTHOR_PUBLISHED_COLUMN_CORRESPONDENCE,False,False,,,NONE: image-space readout only
synthetic,22702,eyemap_mcns_f20240701:R:14:27,AUTHOR_PUBLISHED_COLUMN_CORRESPONDENCE,False,False,,,NONE: image-space readout only
synthetic,21950,eyemap_mcns_f20240701:R:14:28,AUTHOR_PUBLISHED_COLUMN_CORRESPONDENCE,False,False,,,NONE: image-space readout only
synthetic,21791,eyemap_mcns_f20240701:R:14:29,AUTHOR_PUBLISHED_COLUMN_CORRESPONDENCE,False,False,,,NONE: image-space readout only
synthetic,22244,eyemap_mcns_f20240701:R:14:30,AUTHOR_PUBLISHED_COLUMN_CORRESPONDENCE,False,False,,,NONE: image-space readout only
synthetic,25062,eyemap_mcns_f20240701:R:14:31,AUTHOR_PUBLISHED_COLUMN_CORRESPONDENCE,False,False,,,NONE: image-space readout only
synthetic,27407,,MISSING_AUTHOR_BOUNDARY_COLUMN,False,False,,,NONE: image-space readout only
synthetic,58832,eyemap_mcns_f20240701:R:15:2,AUTHOR_PUBLISHED_COLUMN_CORRESPONDENCE,True,True,185.30191671622015,325.62340390477715,NONE: image-space readout only
synthetic,37738,eyemap_mcns_f20240701:R:15:3,AUTHOR_PUBLISHED_COLUMN_CORRESPONDENCE,True,True,207.1829634788732,317.32114243207155,NONE: image-space readout only
synthetic,26559,eyemap_mcns_f20240701:R:15:4,AUTHOR_PUBLISHED_COLUMN_CORRESPONDENCE,True,True,228.7885511153929,311.5011734370099,NONE: image-space readout only
synthetic,24607,eyemap_mcns_f20240701:R:15:5,AUTHOR_PUBLISHED_COLUMN_CORRESPONDENCE,True,True,248.54518345131763,303.4231409010821,NONE: image-space readout only
synthetic,22614,eyemap_mcns_f20240701:R:15:6,AUTHOR_PUBLISHED_COLUMN_CORRESPONDENCE,True,True,266.5285698453097,296.35692819261067,NONE: image-space readout only
synthetic,32019,eyemap_mcns_f20240701:R:15:7,AUTHOR_PUBLISHED_COLUMN_CORRESPONDENCE,True,True,286.3484326453118,290.16383365189176,NONE: image-space readout only
synthetic,32390,eyemap_mcns_f20240701:R:15:8,AUTHOR_PUBLISHED_COLUMN_CORRESPONDENCE,True,True,307.2809459292504,284.1431588269623,NONE: image-space readout only
synthetic,34937,eyemap_mcns_f20240701:R:15:9,AUTHOR_PUBLISHED_COLUMN_CORRESPONDENCE,True,True,327.81437709866725,279.3461155973165,NONE: image-space readout only
synthetic,34323,eyemap_mcns_f20240701:R:15:10,AUTHOR_PUBLISHED_COLUMN_CORRESPONDENCE,True,True,350.8525908183644,274.14083828608466,NONE: image-space readout only
synthetic,35215,eyemap_mcns_f20240701:R:15:11,AUTHOR_PUBLISHED_COLUMN_CORRESPONDENCE,True,True,372.40287918496756,270.03865574268946,NONE: image-space readout only
synthetic,35795,eyemap_mcns_f20240701:R:15:12,AUTHOR_PUBLISHED_COLUMN_CORRESPONDENCE,True,True,397.74694025691304,264.56135613212587,NONE: image-space readout only
synthetic,31751,eyemap_mcns_f20240701:R:15:13,AUTHOR_PUBLISHED_COLUMN_CORRESPONDENCE,False,False,,,NONE: image-space readout only
synthetic,32270,eyemap_mcns_f20240701:R:15:14,AUTHOR_PUBLISHED_COLUMN_CORRESPONDENCE,False,False,,,NONE: image-space readout only
synthetic,30673,eyemap_mcns_f20240701:R:15:15,AUTHOR_PUBLISHED_COLUMN_CORRESPONDENCE,False,False,,,NONE: image-space readout only
synthetic,29189,eyemap_mcns_f20240701:R:15:16,AUTHOR_PUBLISHED_COLUMN_CORRESPONDENCE,False,False,,,NONE: image-space readout only
synthetic,30683,eyemap_mcns_f20240701:R:15:17,AUTHOR_PUBLISHED_COLUMN_CORRESPONDENCE,False,False,,,NONE: image-space readout only
synthetic,31709,eyemap_mcns_f20240701:R:15:18,AUTHOR_PUBLISHED_COLUMN_CORRESPONDENCE,False,False,,,NONE: image-space readout only
synthetic,36719,eyemap_mcns_f20240701:R:15:19,AUTHOR_PUBLISHED_COLUMN_CORRESPONDENCE,False,False,,,NONE: image-space readout only
synthetic,36714,eyemap_mcns_f20240701:R:15:20,AUTHOR_PUBLISHED_COLUMN_CORRESPONDENCE,False,False,,,NONE: image-space readout only
synthetic,33893,eyemap_mcns_f20240701:R:15:21,AUTHOR_PUBLISHED_COLUMN_CORRESPONDENCE,False,False,,,NONE: image-space readout only
synthetic,33985,eyemap_mcns_f20240701:R:15:22,AUTHOR_PUBLISHED_COLUMN_CORRESPONDENCE,False,False,,,NONE: image-space readout only
synthetic,31503,eyemap_mcns_f20240701:R:15:23,AUTHOR_PUBLISHED_COLUMN_CORRESPONDENCE,False,False,,,NONE: image-space readout only
synthetic,32578,eyemap_mcns_f20240701:R:15:24,AUTHOR_PUBLISHED_COLUMN_CORRESPONDENCE,False,False,,,NONE: image-space readout only
synthetic,24882,eyemap_mcns_f20240701:R:15:25,AUTHOR_PUBLISHED_COLUMN_CORRESPONDENCE,False,False,,,NONE: image-space readout only
synthetic,24089,eyemap_mcns_f20240701:R:15:26,AUTHOR_PUBLISHED_COLUMN_CORRESPONDENCE,False,False,,,NONE: image-space readout only
synthetic,23390,eyemap_mcns_f20240701:R:15:27,AUTHOR_PUBLISHED_COLUMN_CORRESPONDENCE,False,False,,,NONE: image-space readout only
synthetic,24113,eyemap_mcns_f20240701:R:15:28,AUTHOR_PUBLISHED_COLUMN_CORRESPONDENCE,False,False,,,NONE: image-space readout only
synthetic,23225,eyemap_mcns_f20240701:R:15:29,AUTHOR_PUBLISHED_COLUMN_CORRESPONDENCE,False,False,,,NONE: image-space readout only
synthetic,23824,eyemap_mcns_f20240701:R:15:30,AUTHOR_PUBLISHED_COLUMN_CORRESPONDENCE,False,False,,,NONE: image-space readout only
synthetic,22817,eyemap_mcns_f20240701:R:15:31,AUTHOR_PUBLISHED_COLUMN_CORRESPONDENCE,False,False,,,NONE: image-space readout only
synthetic,28289,eyemap_mcns_f20240701:R:15:32,AUTHOR_PUBLISHED_COLUMN_CORRESPONDENCE,False,False,,,NONE: image-space readout only
synthetic,32555,,MISSING_AUTHOR_BOUNDARY_COLUMN,False,False,,,NONE: image-space readout only
synthetic,46619,eyemap_mcns_f20240701:R:16:3,AUTHOR_PUBLISHED_COLUMN_CORRESPONDENCE,True,True,196.84383904691782,305.8425861795913,NONE: image-space readout only
synthetic,22152,eyemap_mcns_f20240701:R:16:4,AUTHOR_PUBLISHED_COLUMN_CORRESPONDENCE,True,True,217.77239818538183,297.15170580512995,NONE: image-space readout only
synthetic,22280,eyemap_mcns_f20240701:R:16:5,AUTHOR_PUBLISHED_COLUMN_CORRESPONDENCE,True,True,236.06465135679602,293.43446859292726,NONE: image-space readout only
synthetic,21337,eyemap_mcns_f20240701:R:16:6,AUTHOR_PUBLISHED_COLUMN_CORRESPONDENCE,True,True,254.44222307168468,286.1551726925497,NONE: image-space readout only
synthetic,24706,eyemap_mcns_f20240701:R:16:7,AUTHOR_PUBLISHED_COLUMN_CORRESPONDENCE,True,True,273.72552825292706,280.0068418123565,NONE: image-space readout only
synthetic,32143,eyemap_mcns_f20240701:R:16:8,AUTHOR_PUBLISHED_COLUMN_CORRESPONDENCE,True,True,293.3276026684866,271.8782861343826,NONE: image-space readout only
synthetic,28075,eyemap_mcns_f20240701:R:16:9,AUTHOR_PUBLISHED_COLUMN_CORRESPONDENCE,True,True,312.8993290448535,268.318052628746,NONE: image-space readout only
synthetic,31771,eyemap_mcns_f20240701:R:16:10,AUTHOR_PUBLISHED_COLUMN_CORRESPONDENCE,True,True,332.63065568362924,261.5295254493175,NONE: image-space readout only
synthetic,36447,eyemap_mcns_f20240701:R:16:11,AUTHOR_PUBLISHED_COLUMN_CORRESPONDENCE,True,True,356.4324214715658,255.0127153825968,NONE: image-space readout only
synthetic,32389,eyemap_mcns_f20240701:R:16:12,AUTHOR_PUBLISHED_COLUMN_CORRESPONDENCE,True,True,374.676448309714,249.0242910508673,NONE: image-space readout only
synthetic,34621,eyemap_mcns_f20240701:R:16:13,AUTHOR_PUBLISHED_COLUMN_CORRESPONDENCE,True,True,401.658572533526,242.02307983333478,NONE: image-space readout only
synthetic,32168,eyemap_mcns_f20240701:R:16:14,AUTHOR_PUBLISHED_COLUMN_CORRESPONDENCE,False,False,,,NONE: image-space readout only
synthetic,29628,eyemap_mcns_f20240701:R:16:15,AUTHOR_PUBLISHED_COLUMN_CORRESPONDENCE,False,False,,,NONE: image-space readout only
synthetic,27959,eyemap_mcns_f20240701:R:16:16,AUTHOR_PUBLISHED_COLUMN_CORRESPONDENCE,False,False,,,NONE: image-space readout only
synthetic,43594,eyemap_mcns_f20240701:R:16:17,AUTHOR_PUBLISHED_COLUMN_CORRESPONDENCE,False,False,,,NONE: image-space readout only
synthetic,28546,eyemap_mcns_f20240701:R:16:18,AUTHOR_PUBLISHED_COLUMN_CORRESPONDENCE,False,False,,,NONE: image-space readout only
synthetic,32371,eyemap_mcns_f20240701:R:16:19,AUTHOR_PUBLISHED_COLUMN_CORRESPONDENCE,False,False,,,NONE: image-space readout only
synthetic,40508,eyemap_mcns_f20240701:R:16:20,AUTHOR_PUBLISHED_COLUMN_CORRESPONDENCE,False,False,,,NONE: image-space readout only
synthetic,36390,eyemap_mcns_f20240701:R:16:21,AUTHOR_PUBLISHED_COLUMN_CORRESPONDENCE,False,False,,,NONE: image-space readout only
synthetic,35767,eyemap_mcns_f20240701:R:16:22,AUTHOR_PUBLISHED_COLUMN_CORRESPONDENCE,False,False,,,NONE: image-space readout only
synthetic,21294,eyemap_mcns_f20240701:R:16:23,AUTHOR_PUBLISHED_COLUMN_CORRESPONDENCE,False,False,,,NONE: image-space readout only
synthetic,34107,eyemap_mcns_f20240701:R:16:24,AUTHOR_PUBLISHED_COLUMN_CORRESPONDENCE,False,False,,,NONE: image-space readout only
synthetic,32000,eyemap_mcns_f20240701:R:16:25,AUTHOR_PUBLISHED_COLUMN_CORRESPONDENCE,False,False,,,NONE: image-space readout only
synthetic,30015,eyemap_mcns_f20240701:R:16:26,AUTHOR_PUBLISHED_COLUMN_CORRESPONDENCE,False,False,,,NONE: image-space readout only
synthetic,24080,eyemap_mcns_f20240701:R:16:27,AUTHOR_PUBLISHED_COLUMN_CORRESPONDENCE,False,False,,,NONE: image-space readout only
synthetic,24487,eyemap_mcns_f20240701:R:16:28,AUTHOR_PUBLISHED_COLUMN_CORRESPONDENCE,False,False,,,NONE: image-space readout only
synthetic,23348,eyemap_mcns_f20240701:R:16:29,AUTHOR_PUBLISHED_COLUMN_CORRESPONDENCE,False,False,,,NONE: image-space readout only
synthetic,24431,eyemap_mcns_f20240701:R:16:30,AUTHOR_PUBLISHED_COLUMN_CORRESPONDENCE,False,False,,,NONE: image-space readout only
synthetic,22820,eyemap_mcns_f20240701:R:16:31,AUTHOR_PUBLISHED_COLUMN_CORRESPONDENCE,False,False,,,NONE: image-space readout only
synthetic,24081,eyemap_mcns_f20240701:R:16:32,AUTHOR_PUBLISHED_COLUMN_CORRESPONDENCE,False,False,,,NONE: image-space readout only
synthetic,27991,,MISSING_AUTHOR_BOUNDARY_COLUMN,False,False,,,NONE: image-space readout only
synthetic,52090,eyemap_mcns_f20240701:R:17:3,AUTHOR_PUBLISHED_COLUMN_CORRESPONDENCE,True,True,178.6732370644478,297.96408971758876,NONE: image-space readout only
synthetic,32029,eyemap_mcns_f20240701:R:17:4,AUTHOR_PUBLISHED_COLUMN_CORRESPONDENCE,True,True,205.2855063344328,289.5507462520555,NONE: image-space readout only
synthetic,23251,eyemap_mcns_f20240701:R:17:5,AUTHOR_PUBLISHED_COLUMN_CORRESPONDENCE,True,True,223.48290160460385,282.588477595037,NONE: image-space readout only
synthetic,21427,eyemap_mcns_f20240701:R:17:6,AUTHOR_PUBLISHED_COLUMN_CORRESPONDENCE,True,True,242.51694818153885,276.6277207302481,NONE: image-space readout only
synthetic,21221,eyemap_mcns_f20240701:R:17:7,AUTHOR_PUBLISHED_COLUMN_CORRESPONDENCE,True,True,261.6429997879108,268.16906435292486,NONE: image-space readout only
synthetic,27758,eyemap_mcns_f20240701:R:17:8,AUTHOR_PUBLISHED_COLUMN_CORRESPONDENCE,True,True,277.3884738574896,259.3766412591406,NONE: image-space readout only
synthetic,34116,eyemap_mcns_f20240701:R:17:9,AUTHOR_PUBLISHED_COLUMN_CORRESPONDENCE,True,True,297.1147174042749,255.0146540121553,NONE: image-space readout only
synthetic,33195,eyemap_mcns_f20240701:R:17:10,AUTHOR_PUBLISHED_COLUMN_CORRESPONDENCE,True,True,316.5611530715129,249.88629610308962,NONE: image-space readout only
synthetic,31961,eyemap_mcns_f20240701:R:17:11,AUTHOR_PUBLISHED_COLUMN_CORRESPONDENCE,True,True,336.490867518325,242.92250034615577,NONE: image-space readout only
synthetic,32340,eyemap_mcns_f20240701:R:17:12,AUTHOR_PUBLISHED_COLUMN_CORRESPONDENCE,True,True,357.55958498437644,236.3452847957914,NONE: image-space readout only
synthetic,31542,eyemap_mcns_f20240701:R:17:13,AUTHOR_PUBLISHED_COLUMN_CORRESPONDENCE,True,True,375.9271487570734,229.12908203638293,NONE: image-space readout only
synthetic,33408,eyemap_mcns_f20240701:R:17:14,AUTHOR_PUBLISHED_COLUMN_CORRESPONDENCE,True,True,395.7382605309639,219.90328290184047,NONE: image-space readout only
synthetic,30692,eyemap_mcns_f20240701:R:17:15,AUTHOR_PUBLISHED_COLUMN_CORRESPONDENCE,False,False,,,NONE: image-space readout only
synthetic,29695,eyemap_mcns_f20240701:R:17:16,AUTHOR_PUBLISHED_COLUMN_CORRESPONDENCE,False,False,,,NONE: image-space readout only
synthetic,27653,eyemap_mcns_f20240701:R:17:17,AUTHOR_PUBLISHED_COLUMN_CORRESPONDENCE,False,False,,,NONE: image-space readout only
synthetic,27848,eyemap_mcns_f20240701:R:17:18,AUTHOR_PUBLISHED_COLUMN_CORRESPONDENCE,False,False,,,NONE: image-space readout only
synthetic,33971,eyemap_mcns_f20240701:R:17:19,AUTHOR_PUBLISHED_COLUMN_CORRESPONDENCE,False,False,,,NONE: image-space readout only
synthetic,38209,eyemap_mcns_f20240701:R:17:20,AUTHOR_PUBLISHED_COLUMN_CORRESPONDENCE,False,False,,,NONE: image-space readout only
synthetic,36860,eyemap_mcns_f20240701:R:17:21,AUTHOR_PUBLISHED_COLUMN_CORRESPONDENCE,False,False,,,NONE: image-space readout only
synthetic,38646,eyemap_mcns_f20240701:R:17:22,AUTHOR_PUBLISHED_COLUMN_CORRESPONDENCE,False,False,,,NONE: image-space readout only
synthetic,40354,eyemap_mcns_f20240701:R:17:23,AUTHOR_PUBLISHED_COLUMN_CORRESPONDENCE,False,False,,,NONE: image-space readout only
synthetic,39714,eyemap_mcns_f20240701:R:17:24,AUTHOR_PUBLISHED_COLUMN_CORRESPONDENCE,False,False,,,NONE: image-space readout only
synthetic,38825,eyemap_mcns_f20240701:R:17:25,AUTHOR_PUBLISHED_COLUMN_CORRESPONDENCE,False,False,,,NONE: image-space readout only
synthetic,35093,eyemap_mcns_f20240701:R:17:26,AUTHOR_PUBLISHED_COLUMN_CORRESPONDENCE,False,False,,,NONE: image-space readout only
synthetic,28974,eyemap_mcns_f20240701:R:17:27,AUTHOR_PUBLISHED_COLUMN_CORRESPONDENCE,False,False,,,NONE: image-space readout only
synthetic,24501,eyemap_mcns_f20240701:R:17:28,AUTHOR_PUBLISHED_COLUMN_CORRESPONDENCE,False,False,,,NONE: image-space readout only
synthetic,24421,eyemap_mcns_f20240701:R:17:29,AUTHOR_PUBLISHED_COLUMN_CORRESPONDENCE,False,False,,,NONE: image-space readout only
synthetic,24547,eyemap_mcns_f20240701:R:17:30,AUTHOR_PUBLISHED_COLUMN_CORRESPONDENCE,False,False,,,NONE: image-space readout only
synthetic,22821,eyemap_mcns_f20240701:R:17:31,AUTHOR_PUBLISHED_COLUMN_CORRESPONDENCE,False,False,,,NONE: image-space readout only
synthetic,25130,eyemap_mcns_f20240701:R:17:32,AUTHOR_PUBLISHED_COLUMN_CORRESPONDENCE,False,False,,,NONE: image-space readout only
synthetic,22973,eyemap_mcns_f20240701:R:17:33,AUTHOR_PUBLISHED_COLUMN_CORRESPONDENCE,False,False,,,NONE: image-space readout only
synthetic,33792,,MISSING_AUTHOR_BOUNDARY_COLUMN,False,False,,,NONE: image-space readout only
synthetic,47154,eyemap_mcns_f20240701:R:18:4,AUTHOR_PUBLISHED_COLUMN_CORRESPONDENCE,True,True,189.14596612743577,276.5301830785008,NONE: image-space readout only
synthetic,25807,eyemap_mcns_f20240701:R:18:5,AUTHOR_PUBLISHED_COLUMN_CORRESPONDENCE,True,True,210.7992799284932,272.38262750743104,NONE: image-space readout only
synthetic,22854,eyemap_mcns_f20240701:R:18:6,AUTHOR_PUBLISHED_COLUMN_CORRESPONDENCE,True,True,229.2503229468896,265.5615027273163,NONE: image-space readout only
synthetic,20092,eyemap_mcns_f20240701:R:18:7,AUTHOR_PUBLISHED_COLUMN_CORRESPONDENCE,True,True,248.14059381332203,258.7130750670281,NONE: image-space readout only
synthetic,29268,eyemap_mcns_f20240701:R:18:8,AUTHOR_PUBLISHED_COLUMN_CORRESPONDENCE,True,True,264.0204691649602,250.80864946676456,NONE: image-space readout only
synthetic,31857,eyemap_mcns_f20240701:R:18:9,AUTHOR_PUBLISHED_COLUMN_CORRESPONDENCE,True,True,282.0435142151083,243.03674654978883,NONE: image-space readout only
synthetic,31389,eyemap_mcns_f20240701:R:18:10,AUTHOR_PUBLISHED_COLUMN_CORRESPONDENCE,True,True,298.26315070277417,236.7699942398129,NONE: image-space readout only
synthetic,34033,eyemap_mcns_f20240701:R:18:11,AUTHOR_PUBLISHED_COLUMN_CORRESPONDENCE,True,True,316.13024857094564,231.4147520256308,NONE: image-space readout only
synthetic,33508,eyemap_mcns_f20240701:R:18:12,AUTHOR_PUBLISHED_COLUMN_CORRESPONDENCE,True,True,337.70198035213843,225.33721144717308,NONE: image-space readout only
synthetic,33351,eyemap_mcns_f20240701:R:18:13,AUTHOR_PUBLISHED_COLUMN_CORRESPONDENCE,True,True,357.334380800781,218.7967838049877,NONE: image-space readout only
synthetic,31991,eyemap_mcns_f20240701:R:18:14,AUTHOR_PUBLISHED_COLUMN_CORRESPONDENCE,True,True,375.9766395372445,208.6660097449761,NONE: image-space readout only
synthetic,29114,eyemap_mcns_f20240701:R:18:15,AUTHOR_PUBLISHED_COLUMN_CORRESPONDENCE,True,True,395.721664536969,198.4018758261186,NONE: image-space readout only
synthetic,27768,eyemap_mcns_f20240701:R:18:16,AUTHOR_PUBLISHED_COLUMN_CORRESPONDENCE,False,False,,,NONE: image-space readout only
synthetic,31620,eyemap_mcns_f20240701:R:18:17,AUTHOR_PUBLISHED_COLUMN_CORRESPONDENCE,False,False,,,NONE: image-space readout only
synthetic,26067,eyemap_mcns_f20240701:R:18:18,AUTHOR_PUBLISHED_COLUMN_CORRESPONDENCE,False,False,,,NONE: image-space readout only
synthetic,29762,eyemap_mcns_f20240701:R:18:19,AUTHOR_PUBLISHED_COLUMN_CORRESPONDENCE,False,False,,,NONE: image-space readout only
synthetic,31354,eyemap_mcns_f20240701:R:18:20,AUTHOR_PUBLISHED_COLUMN_CORRESPONDENCE,False,False,,,NONE: image-space readout only
synthetic,38210,eyemap_mcns_f20240701:R:18:21,AUTHOR_PUBLISHED_COLUMN_CORRESPONDENCE,False,False,,,NONE: image-space readout only
synthetic,39278,eyemap_mcns_f20240701:R:18:22,AUTHOR_PUBLISHED_COLUMN_CORRESPONDENCE,False,False,,,NONE: image-space readout only
synthetic,43647,eyemap_mcns_f20240701:R:18:23,AUTHOR_PUBLISHED_COLUMN_CORRESPONDENCE,False,False,,,NONE: image-space readout only
synthetic,41821,eyemap_mcns_f20240701:R:18:24,AUTHOR_PUBLISHED_COLUMN_CORRESPONDENCE,False,False,,,NONE: image-space readout only
synthetic,36962,eyemap_mcns_f20240701:R:18:25,AUTHOR_PUBLISHED_COLUMN_CORRESPONDENCE,False,False,,,NONE: image-space readout only
synthetic,36580,eyemap_mcns_f20240701:R:18:26,AUTHOR_PUBLISHED_COLUMN_CORRESPONDENCE,False,False,,,NONE: image-space readout only
synthetic,35287,eyemap_mcns_f20240701:R:18:27,AUTHOR_PUBLISHED_COLUMN_CORRESPONDENCE,False,False,,,NONE: image-space readout only
synthetic,26157,eyemap_mcns_f20240701:R:18:28,AUTHOR_PUBLISHED_COLUMN_CORRESPONDENCE,False,False,,,NONE: image-space readout only
synthetic,24236,eyemap_mcns_f20240701:R:18:29,AUTHOR_PUBLISHED_COLUMN_CORRESPONDENCE,False,False,,,NONE: image-space readout only
synthetic,25280,eyemap_mcns_f20240701:R:18:30,AUTHOR_PUBLISHED_COLUMN_CORRESPONDENCE,False,False,,,NONE: image-space readout only
synthetic,25033,eyemap_mcns_f20240701:R:18:31,AUTHOR_PUBLISHED_COLUMN_CORRESPONDENCE,False,False,,,NONE: image-space readout only
synthetic,19056,eyemap_mcns_f20240701:R:18:32,AUTHOR_PUBLISHED_COLUMN_CORRESPONDENCE,False,False,,,NONE: image-space readout only
synthetic,20655,eyemap_mcns_f20240701:R:18:33,AUTHOR_PUBLISHED_COLUMN_CORRESPONDENCE,False,False,,,NONE: image-space readout only
synthetic,26395,,MISSING_AUTHOR_BOUNDARY_COLUMN,False,False,,,NONE: image-space readout only
synthetic,68327,,MISSING_AUTHOR_BOUNDARY_COLUMN,False,False,,,NONE: image-space readout only
synthetic,37350,eyemap_mcns_f20240701:R:19:5,AUTHOR_PUBLISHED_COLUMN_CORRESPONDENCE,True,True,199.58530268542017,268.9537855302988,NONE: image-space readout only
synthetic,22731,eyemap_mcns_f20240701:R:19:6,AUTHOR_PUBLISHED_COLUMN_CORRESPONDENCE,True,True,217.43682242490158,256.39087667421137,NONE: image-space readout only
synthetic,23064,eyemap_mcns_f20240701:R:19:7,AUTHOR_PUBLISHED_COLUMN_CORRESPONDENCE,True,True,233.98177299118757,248.3336165400925,NONE: image-space readout only
synthetic,28360,eyemap_mcns_f20240701:R:19:8,AUTHOR_PUBLISHED_COLUMN_CORRESPONDENCE,True,True,252.43646494883095,243.59809660481886,NONE: image-space readout only
synthetic,31208,eyemap_mcns_f20240701:R:19:9,AUTHOR_PUBLISHED_COLUMN_CORRESPONDENCE,True,True,267.8932096426889,234.58266196035277,NONE: image-space readout only
synthetic,29754,eyemap_mcns_f20240701:R:19:10,AUTHOR_PUBLISHED_COLUMN_CORRESPONDENCE,True,True,281.7145818436858,226.3152508352818,NONE: image-space readout only
synthetic,31794,eyemap_mcns_f20240701:R:19:11,AUTHOR_PUBLISHED_COLUMN_CORRESPONDENCE,True,True,294.83997685987777,219.97838953358686,NONE: image-space readout only
synthetic,29909,eyemap_mcns_f20240701:R:19:12,AUTHOR_PUBLISHED_COLUMN_CORRESPONDENCE,True,True,314.49440114764656,212.94115660099527,NONE: image-space readout only
synthetic,28047,eyemap_mcns_f20240701:R:19:13,AUTHOR_PUBLISHED_COLUMN_CORRESPONDENCE,True,True,335.4458098807602,206.03235338745375,NONE: image-space readout only
synthetic,539495,eyemap_mcns_f20240701:R:19:14,AUTHOR_PUBLISHED_COLUMN_CORRESPONDENCE,True,True,354.7597659992184,198.1528623710646,NONE: image-space readout only
synthetic,27681,eyemap_mcns_f20240701:R:19:15,AUTHOR_PUBLISHED_COLUMN_CORRESPONDENCE,True,True,374.35828774466506,191.14976338328236,NONE: image-space readout only
synthetic,27808,eyemap_mcns_f20240701:R:19:16,AUTHOR_PUBLISHED_COLUMN_CORRESPONDENCE,True,True,396.52999355653884,183.81753398845674,NONE: image-space readout only
synthetic,29184,eyemap_mcns_f20240701:R:19:17,AUTHOR_PUBLISHED_COLUMN_CORRESPONDENCE,False,False,,,NONE: image-space readout only
synthetic,28572,eyemap_mcns_f20240701:R:19:18,AUTHOR_PUBLISHED_COLUMN_CORRESPONDENCE,False,False,,,NONE: image-space readout only
synthetic,29681,eyemap_mcns_f20240701:R:19:19,AUTHOR_PUBLISHED_COLUMN_CORRESPONDENCE,False,False,,,NONE: image-space readout only
synthetic,36807,eyemap_mcns_f20240701:R:19:20,AUTHOR_PUBLISHED_COLUMN_CORRESPONDENCE,False,False,,,NONE: image-space readout only
synthetic,39087,eyemap_mcns_f20240701:R:19:21,AUTHOR_PUBLISHED_COLUMN_CORRESPONDENCE,False,False,,,NONE: image-space readout only
synthetic,39093,eyemap_mcns_f20240701:R:19:22,AUTHOR_PUBLISHED_COLUMN_CORRESPONDENCE,False,False,,,NONE: image-space readout only
synthetic,46516,eyemap_mcns_f20240701:R:19:23,AUTHOR_PUBLISHED_COLUMN_CORRESPONDENCE,False,False,,,NONE: image-space readout only
synthetic,44668,eyemap_mcns_f20240701:R:19:24,AUTHOR_PUBLISHED_COLUMN_CORRESPONDENCE,False,False,,,NONE: image-space readout only
synthetic,44425,eyemap_mcns_f20240701:R:19:25,AUTHOR_PUBLISHED_COLUMN_CORRESPONDENCE,False,False,,,NONE: image-space readout only
synthetic,44414,eyemap_mcns_f20240701:R:19:26,AUTHOR_PUBLISHED_COLUMN_CORRESPONDENCE,False,False,,,NONE: image-space readout only
synthetic,36157,eyemap_mcns_f20240701:R:19:27,AUTHOR_PUBLISHED_COLUMN_CORRESPONDENCE,False,False,,,NONE: image-space readout only
synthetic,31617,eyemap_mcns_f20240701:R:19:28,AUTHOR_PUBLISHED_COLUMN_CORRESPONDENCE,False,False,,,NONE: image-space readout only
synthetic,26857,eyemap_mcns_f20240701:R:19:29,AUTHOR_PUBLISHED_COLUMN_CORRESPONDENCE,False,False,,,NONE: image-space readout only
synthetic,27563,eyemap_mcns_f20240701:R:19:30,AUTHOR_PUBLISHED_COLUMN_CORRESPONDENCE,False,False,,,NONE: image-space readout only
synthetic,25241,eyemap_mcns_f20240701:R:19:31,AUTHOR_PUBLISHED_COLUMN_CORRESPONDENCE,False,False,,,NONE: image-space readout only
synthetic,23110,eyemap_mcns_f20240701:R:19:32,AUTHOR_PUBLISHED_COLUMN_CORRESPONDENCE,False,False,,,NONE: image-space readout only
synthetic,22743,eyemap_mcns_f20240701:R:19:33,AUTHOR_PUBLISHED_COLUMN_CORRESPONDENCE,False,False,,,NONE: image-space readout only
synthetic,18852,eyemap_mcns_f20240701:R:19:34,AUTHOR_PUBLISHED_COLUMN_CORRESPONDENCE,False,False,,,NONE: image-space readout only
synthetic,27343,,MISSING_AUTHOR_BOUNDARY_COLUMN,False,False,,,NONE: image-space readout only
synthetic,49742,eyemap_mcns_f20240701:R:20:5,AUTHOR_PUBLISHED_COLUMN_CORRESPONDENCE,True,True,189.57871572344325,261.5927357120662,NONE: image-space readout only
synthetic,50762,eyemap_mcns_f20240701:R:20:6,AUTHOR_PUBLISHED_COLUMN_CORRESPONDENCE,True,True,207.2501988933281,251.82990425487728,NONE: image-space readout only
synthetic,24137,eyemap_mcns_f20240701:R:20:7,AUTHOR_PUBLISHED_COLUMN_CORRESPONDENCE,True,True,222.79719549287654,242.63991223515058,NONE: image-space readout only
synthetic,22775,eyemap_mcns_f20240701:R:20:8,AUTHOR_PUBLISHED_COLUMN_CORRESPONDENCE,True,True,236.98895421695937,233.50258132913012,NONE: image-space readout only
synthetic,30359,eyemap_mcns_f20240701:R:20:9,AUTHOR_PUBLISHED_COLUMN_CORRESPONDENCE,True,True,250.39255136444874,226.6312361950595,NONE: image-space readout only
synthetic,29664,eyemap_mcns_f20240701:R:20:10,AUTHOR_PUBLISHED_COLUMN_CORRESPONDENCE,True,True,269.19716713338227,219.90114181897934,NONE: image-space readout only
synthetic,27406,eyemap_mcns_f20240701:R:20:11,AUTHOR_PUBLISHED_COLUMN_CORRESPONDENCE,True,True,283.69167493344275,213.0091429586253,NONE: image-space readout only
synthetic,27693,eyemap_mcns_f20240701:R:20:12,AUTHOR_PUBLISHED_COLUMN_CORRESPONDENCE,True,True,296.8269289456595,205.465754974674,NONE: image-space readout only
synthetic,26906,eyemap_mcns_f20240701:R:20:13,AUTHOR_PUBLISHED_COLUMN_CORRESPONDENCE,True,True,314.5560381250124,196.62957228322801,NONE: image-space readout only
synthetic,27104,eyemap_mcns_f20240701:R:20:14,AUTHOR_PUBLISHED_COLUMN_CORRESPONDENCE,True,True,336.51458891833374,190.02260502709166,NONE: image-space readout only
synthetic,25387,eyemap_mcns_f20240701:R:20:15,AUTHOR_PUBLISHED_COLUMN_CORRESPONDENCE,True,True,354.7102842955537,184.7652509700306,NONE: image-space readout only
synthetic,29331,eyemap_mcns_f20240701:R:20:16,AUTHOR_PUBLISHED_COLUMN_CORRESPONDENCE,True,True,375.02042338798196,181.12452918669354,NONE: image-space readout only
synthetic,29000,eyemap_mcns_f20240701:R:20:17,AUTHOR_PUBLISHED_COLUMN_CORRESPONDENCE,True,True,399.0557105221278,172.52605036976377,NONE: image-space readout only
synthetic,31346,eyemap_mcns_f20240701:R:20:18,AUTHOR_PUBLISHED_COLUMN_CORRESPONDENCE,False,False,,,NONE: image-space readout only
synthetic,34672,eyemap_mcns_f20240701:R:20:19,AUTHOR_PUBLISHED_COLUMN_CORRESPONDENCE,False,False,,,NONE: image-space readout only
synthetic,33112,eyemap_mcns_f20240701:R:20:20,AUTHOR_PUBLISHED_COLUMN_CORRESPONDENCE,False,False,,,NONE: image-space readout only
synthetic,30879,eyemap_mcns_f20240701:R:20:21,AUTHOR_PUBLISHED_COLUMN_CORRESPONDENCE,False,False,,,NONE: image-space readout only
synthetic,39955,eyemap_mcns_f20240701:R:20:22,AUTHOR_PUBLISHED_COLUMN_CORRESPONDENCE,False,False,,,NONE: image-space readout only
synthetic,35970,eyemap_mcns_f20240701:R:20:23,AUTHOR_PUBLISHED_COLUMN_CORRESPONDENCE,False,False,,,NONE: image-space readout only
synthetic,51108,eyemap_mcns_f20240701:R:20:24,AUTHOR_PUBLISHED_COLUMN_CORRESPONDENCE,False,False,,,NONE: image-space readout only
synthetic,49973,eyemap_mcns_f20240701:R:20:25,AUTHOR_PUBLISHED_COLUMN_CORRESPONDENCE,False,False,,,NONE: image-space readout only
synthetic,43359,eyemap_mcns_f20240701:R:20:26,AUTHOR_PUBLISHED_COLUMN_CORRESPONDENCE,False,False,,,NONE: image-space readout only
synthetic,47508,eyemap_mcns_f20240701:R:20:27,AUTHOR_PUBLISHED_COLUMN_CORRESPONDENCE,False,False,,,NONE: image-space readout only
synthetic,30117,eyemap_mcns_f20240701:R:20:28,AUTHOR_PUBLISHED_COLUMN_CORRESPONDENCE,False,False,,,NONE: image-space readout only
synthetic,26022,eyemap_mcns_f20240701:R:20:29,AUTHOR_PUBLISHED_COLUMN_CORRESPONDENCE,False,False,,,NONE: image-space readout only
synthetic,26904,eyemap_mcns_f20240701:R:20:30,AUTHOR_PUBLISHED_COLUMN_CORRESPONDENCE,False,False,,,NONE: image-space readout only
synthetic,26500,eyemap_mcns_f20240701:R:20:31,AUTHOR_PUBLISHED_COLUMN_CORRESPONDENCE,False,False,,,NONE: image-space readout only
synthetic,24201,eyemap_mcns_f20240701:R:20:32,AUTHOR_PUBLISHED_COLUMN_CORRESPONDENCE,False,False,,,NONE: image-space readout only
synthetic,25545,eyemap_mcns_f20240701:R:20:33,AUTHOR_PUBLISHED_COLUMN_CORRESPONDENCE,False,False,,,NONE: image-space readout only
synthetic,23974,eyemap_mcns_f20240701:R:20:34,AUTHOR_PUBLISHED_COLUMN_CORRESPONDENCE,False,False,,,NONE: image-space readout only
synthetic,28567,,MISSING_AUTHOR_BOUNDARY_COLUMN,False,False,,,NONE: image-space readout only
synthetic,64810,eyemap_mcns_f20240701:R:21:6,AUTHOR_PUBLISHED_COLUMN_CORRESPONDENCE,True,True,192.08312431960465,247.245425503712,NONE: image-space readout only
synthetic,46730,eyemap_mcns_f20240701:R:21:7,AUTHOR_PUBLISHED_COLUMN_CORRESPONDENCE,True,True,211.63329732991005,239.04202390995985,NONE: image-space readout only
synthetic,24124,eyemap_mcns_f20240701:R:21:8,AUTHOR_PUBLISHED_COLUMN_CORRESPONDENCE,True,True,225.39885665932587,230.02143386627725,NONE: image-space readout only
synthetic,28221,eyemap_mcns_f20240701:R:21:9,AUTHOR_PUBLISHED_COLUMN_CORRESPONDENCE,True,True,239.74023538665182,218.73987107567137,NONE: image-space readout only
synthetic,23300,eyemap_mcns_f20240701:R:21:10,AUTHOR_PUBLISHED_COLUMN_CORRESPONDENCE,True,True,252.8867414892173,211.76702482130412,NONE: image-space readout only
synthetic,18927,eyemap_mcns_f20240701:R:21:11,AUTHOR_PUBLISHED_COLUMN_CORRESPONDENCE,True,True,266.20822971962735,206.15059500709594,NONE: image-space readout only
synthetic,26433,eyemap_mcns_f20240701:R:21:12,AUTHOR_PUBLISHED_COLUMN_CORRESPONDENCE,True,True,283.4044111976097,199.52934696222337,NONE: image-space readout only
synthetic,26298,eyemap_mcns_f20240701:R:21:13,AUTHOR_PUBLISHED_COLUMN_CORRESPONDENCE,True,True,298.8539896173871,191.96199774604182,NONE: image-space readout only
synthetic,24887,eyemap_mcns_f20240701:R:21:14,AUTHOR_PUBLISHED_COLUMN_CORRESPONDENCE,True,True,316.95885692007295,184.14438526526445,NONE: image-space readout only
synthetic,26703,eyemap_mcns_f20240701:R:21:15,AUTHOR_PUBLISHED_COLUMN_CORRESPONDENCE,True,True,336.318988419363,181.67877586636953,NONE: image-space readout only
synthetic,28385,eyemap_mcns_f20240701:R:21:16,AUTHOR_PUBLISHED_COLUMN_CORRESPONDENCE,True,True,357.55691953693696,174.3321598458912,NONE: image-space readout only
synthetic,29802,eyemap_mcns_f20240701:R:21:17,AUTHOR_PUBLISHED_COLUMN_CORRESPONDENCE,True,True,378.53704460254767,165.2532187136212,NONE: image-space readout only
synthetic,33635,eyemap_mcns_f20240701:R:21:18,AUTHOR_PUBLISHED_COLUMN_CORRESPONDENCE,True,True,401.0924625367561,152.90242592252184,NONE: image-space readout only
synthetic,33600,eyemap_mcns_f20240701:R:21:19,AUTHOR_PUBLISHED_COLUMN_CORRESPONDENCE,False,False,,,NONE: image-space readout only
synthetic,31705,eyemap_mcns_f20240701:R:21:20,AUTHOR_PUBLISHED_COLUMN_CORRESPONDENCE,False,False,,,NONE: image-space readout only
synthetic,23321,eyemap_mcns_f20240701:R:21:21,AUTHOR_PUBLISHED_COLUMN_CORRESPONDENCE,False,False,,,NONE: image-space readout only
synthetic,28550,eyemap_mcns_f20240701:R:21:22,AUTHOR_PUBLISHED_COLUMN_CORRESPONDENCE,False,False,,,NONE: image-space readout only
synthetic,43622,eyemap_mcns_f20240701:R:21:23,AUTHOR_PUBLISHED_COLUMN_CORRESPONDENCE,False,False,,,NONE: image-space readout only
synthetic,45688,eyemap_mcns_f20240701:R:21:24,AUTHOR_PUBLISHED_COLUMN_CORRESPONDENCE,False,False,,,NONE: image-space readout only
synthetic,44204,eyemap_mcns_f20240701:R:21:25,AUTHOR_PUBLISHED_COLUMN_CORRESPONDENCE,False,False,,,NONE: image-space readout only
synthetic,43711,eyemap_mcns_f20240701:R:21:26,AUTHOR_PUBLISHED_COLUMN_CORRESPONDENCE,False,False,,,NONE: image-space readout only
synthetic,42369,eyemap_mcns_f20240701:R:21:27,AUTHOR_PUBLISHED_COLUMN_CORRESPONDENCE,False,False,,,NONE: image-space readout only
synthetic,38497,eyemap_mcns_f20240701:R:21:28,AUTHOR_PUBLISHED_COLUMN_CORRESPONDENCE,False,False,,,NONE: image-space readout only
synthetic,31423,eyemap_mcns_f20240701:R:21:29,AUTHOR_PUBLISHED_COLUMN_CORRESPONDENCE,False,False,,,NONE: image-space readout only
synthetic,27573,eyemap_mcns_f20240701:R:21:30,AUTHOR_PUBLISHED_COLUMN_CORRESPONDENCE,False,False,,,NONE: image-space readout only
synthetic,26840,eyemap_mcns_f20240701:R:21:31,AUTHOR_PUBLISHED_COLUMN_CORRESPONDENCE,False,False,,,NONE: image-space readout only
synthetic,27650,eyemap_mcns_f20240701:R:21:32,AUTHOR_PUBLISHED_COLUMN_CORRESPONDENCE,False,False,,,NONE: image-space readout only
synthetic,19839,eyemap_mcns_f20240701:R:21:33,AUTHOR_PUBLISHED_COLUMN_CORRESPONDENCE,False,False,,,NONE: image-space readout only
synthetic,26969,eyemap_mcns_f20240701:R:21:34,AUTHOR_PUBLISHED_COLUMN_CORRESPONDENCE,False,False,,,NONE: image-space readout only
synthetic,529926,eyemap_mcns_f20240701:R:21:35,AUTHOR_PUBLISHED_COLUMN_CORRESPONDENCE,False,False,,,NONE: image-space readout only
synthetic,38734,,MISSING_AUTHOR_BOUNDARY_COLUMN,False,False,,,NONE: image-space readout only
synthetic,57990,eyemap_mcns_f20240701:R:22:7,AUTHOR_PUBLISHED_COLUMN_CORRESPONDENCE,True,True,195.31021934840473,234.13238131754716,NONE: image-space readout only
synthetic,26496,eyemap_mcns_f20240701:R:22:8,AUTHOR_PUBLISHED_COLUMN_CORRESPONDENCE,True,True,211.5248366259939,225.1223517294727,NONE: image-space readout only
synthetic,27988,eyemap_mcns_f20240701:R:22:9,AUTHOR_PUBLISHED_COLUMN_CORRESPONDENCE,True,True,225.89229445371012,214.314773801681,NONE: image-space readout only
synthetic,25365,eyemap_mcns_f20240701:R:22:10,AUTHOR_PUBLISHED_COLUMN_CORRESPONDENCE,True,True,240.84264071144693,205.7127267414485,NONE: image-space readout only
synthetic,26000,eyemap_mcns_f20240701:R:22:11,AUTHOR_PUBLISHED_COLUMN_CORRESPONDENCE,True,True,251.6545696283453,198.81903446480746,NONE: image-space readout only
synthetic,25717,eyemap_mcns_f20240701:R:22:12,AUTHOR_PUBLISHED_COLUMN_CORRESPONDENCE,True,True,266.5211779970454,192.95700331998222,NONE: image-space readout only
synthetic,25234,eyemap_mcns_f20240701:R:22:13,AUTHOR_PUBLISHED_COLUMN_CORRESPONDENCE,True,True,282.65368173650097,188.26377351016183,NONE: image-space readout only
synthetic,26781,eyemap_mcns_f20240701:R:22:14,AUTHOR_PUBLISHED_COLUMN_CORRESPONDENCE,True,True,299.82710778357585,184.46645466258695,NONE: image-space readout only
synthetic,26487,eyemap_mcns_f20240701:R:22:15,AUTHOR_PUBLISHED_COLUMN_CORRESPONDENCE,True,True,319.804258987682,175.4341193681782,NONE: image-space readout only
synthetic,29411,eyemap_mcns_f20240701:R:22:16,AUTHOR_PUBLISHED_COLUMN_CORRESPONDENCE,True,True,339.6842124588763,165.1018349601346,NONE: image-space readout only
synthetic,34431,eyemap_mcns_f20240701:R:22:17,AUTHOR_PUBLISHED_COLUMN_CORRESPONDENCE,True,True,357.3750491333723,155.27393341512143,NONE: image-space readout only
synthetic,35421,eyemap_mcns_f20240701:R:22:18,AUTHOR_PUBLISHED_COLUMN_CORRESPONDENCE,True,True,376.5624164653233,144.00416755291414,NONE: image-space readout only
synthetic,31812,eyemap_mcns_f20240701:R:22:19,AUTHOR_PUBLISHED_COLUMN_CORRESPONDENCE,True,True,396.01132986446794,132.95852034809923,NONE: image-space readout only
synthetic,30785,eyemap_mcns_f20240701:R:22:20,AUTHOR_PUBLISHED_COLUMN_CORRESPONDENCE,False,False,,,NONE: image-space readout only
synthetic,27981,eyemap_mcns_f20240701:R:22:21,AUTHOR_PUBLISHED_COLUMN_CORRESPONDENCE,False,False,,,NONE: image-space readout only
synthetic,30001,eyemap_mcns_f20240701:R:22:22,AUTHOR_PUBLISHED_COLUMN_CORRESPONDENCE,False,False,,,NONE: image-space readout only
synthetic,37335,eyemap_mcns_f20240701:R:22:23,AUTHOR_PUBLISHED_COLUMN_CORRESPONDENCE,False,False,,,NONE: image-space readout only
synthetic,38403,eyemap_mcns_f20240701:R:22:24,AUTHOR_PUBLISHED_COLUMN_CORRESPONDENCE,False,False,,,NONE: image-space readout only
synthetic,36864,eyemap_mcns_f20240701:R:22:25,AUTHOR_PUBLISHED_COLUMN_CORRESPONDENCE,False,False,,,NONE: image-space readout only
synthetic,43993,eyemap_mcns_f20240701:R:22:26,AUTHOR_PUBLISHED_COLUMN_CORRESPONDENCE,False,False,,,NONE: image-space readout only
synthetic,44954,eyemap_mcns_f20240701:R:22:27,AUTHOR_PUBLISHED_COLUMN_CORRESPONDENCE,False,False,,,NONE: image-space readout only
synthetic,37479,eyemap_mcns_f20240701:R:22:28,AUTHOR_PUBLISHED_COLUMN_CORRESPONDENCE,False,False,,,NONE: image-space readout only
synthetic,30779,eyemap_mcns_f20240701:R:22:29,AUTHOR_PUBLISHED_COLUMN_CORRESPONDENCE,False,False,,,NONE: image-space readout only
synthetic,27275,eyemap_mcns_f20240701:R:22:30,AUTHOR_PUBLISHED_COLUMN_CORRESPONDENCE,False,False,,,NONE: image-space readout only
synthetic,26030,eyemap_mcns_f20240701:R:22:31,AUTHOR_PUBLISHED_COLUMN_CORRESPONDENCE,False,False,,,NONE: image-space readout only
synthetic,26664,eyemap_mcns_f20240701:R:22:32,AUTHOR_PUBLISHED_COLUMN_CORRESPONDENCE,False,False,,,NONE: image-space readout only
synthetic,24106,eyemap_mcns_f20240701:R:22:33,AUTHOR_PUBLISHED_COLUMN_CORRESPONDENCE,False,False,,,NONE: image-space readout only
synthetic,17891,eyemap_mcns_f20240701:R:22:34,AUTHOR_PUBLISHED_COLUMN_CORRESPONDENCE,False,False,,,NONE: image-space readout only
synthetic,17529,eyemap_mcns_f20240701:R:22:35,AUTHOR_PUBLISHED_COLUMN_CORRESPONDENCE,False,False,,,NONE: image-space readout only
synthetic,30633,,MISSING_AUTHOR_BOUNDARY_COLUMN,False,False,,,NONE: image-space readout only
synthetic,526840,eyemap_mcns_f20240701:R:23:8,AUTHOR_PUBLISHED_COLUMN_CORRESPONDENCE,True,True,196.07001763478866,222.22997032574077,NONE: image-space readout only
synthetic,35179,eyemap_mcns_f20240701:R:23:9,AUTHOR_PUBLISHED_COLUMN_CORRESPONDENCE,True,True,210.15435320003806,210.11648837346647,NONE: image-space readout only
synthetic,25618,eyemap_mcns_f20240701:R:23:10,AUTHOR_PUBLISHED_COLUMN_CORRESPONDENCE,True,True,225.11234800900246,198.29903000105455,NONE: image-space readout only
synthetic,23894,eyemap_mcns_f20240701:R:23:11,AUTHOR_PUBLISHED_COLUMN_CORRESPONDENCE,True,True,237.76495511876772,193.00242640373872,NONE: image-space readout only
synthetic,27062,eyemap_mcns_f20240701:R:23:12,AUTHOR_PUBLISHED_COLUMN_CORRESPONDENCE,True,True,254.11454444422583,187.58869820188752,NONE: image-space readout only
synthetic,27138,eyemap_mcns_f20240701:R:23:13,AUTHOR_PUBLISHED_COLUMN_CORRESPONDENCE,True,True,267.4629396462047,184.49565149603174,NONE: image-space readout only
synthetic,24651,eyemap_mcns_f20240701:R:23:14,AUTHOR_PUBLISHED_COLUMN_CORRESPONDENCE,True,True,282.6662017304957,179.36833917255103,NONE: image-space readout only
synthetic,25337,eyemap_mcns_f20240701:R:23:15,AUTHOR_PUBLISHED_COLUMN_CORRESPONDENCE,True,True,299.37405712221357,170.2001743772972,NONE: image-space readout only
synthetic,29444,eyemap_mcns_f20240701:R:23:16,AUTHOR_PUBLISHED_COLUMN_CORRESPONDENCE,True,True,317.3510978539333,157.96629139066033,NONE: image-space readout only
synthetic,22686,eyemap_mcns_f20240701:R:23:17,AUTHOR_PUBLISHED_COLUMN_CORRESPONDENCE,True,True,335.38335037160596,146.37427875316826,NONE: image-space readout only
synthetic,26523,eyemap_mcns_f20240701:R:23:18,AUTHOR_PUBLISHED_COLUMN_CORRESPONDENCE,True,True,355.80763216111063,136.17368362129366,NONE: image-space readout only
synthetic,30534,eyemap_mcns_f20240701:R:23:19,AUTHOR_PUBLISHED_COLUMN_CORRESPONDENCE,True,True,374.6847541561431,123.23555091468079,NONE: image-space readout only
synthetic,31176,eyemap_mcns_f20240701:R:23:20,AUTHOR_PUBLISHED_COLUMN_CORRESPONDENCE,True,True,392.11583566664376,109.24487215910658,NONE: image-space readout only
synthetic,28388,eyemap_mcns_f20240701:R:23:21,AUTHOR_PUBLISHED_COLUMN_CORRESPONDENCE,False,False,,,NONE: image-space readout only
synthetic,28985,eyemap_mcns_f20240701:R:23:22,AUTHOR_PUBLISHED_COLUMN_CORRESPONDENCE,False,False,,,NONE: image-space readout only
synthetic,29381,eyemap_mcns_f20240701:R:23:23,AUTHOR_PUBLISHED_COLUMN_CORRESPONDENCE,False,False,,,NONE: image-space readout only
synthetic,37930,eyemap_mcns_f20240701:R:23:24,AUTHOR_PUBLISHED_COLUMN_CORRESPONDENCE,False,False,,,NONE: image-space readout only
synthetic,39280,eyemap_mcns_f20240701:R:23:25,AUTHOR_PUBLISHED_COLUMN_CORRESPONDENCE,False,False,,,NONE: image-space readout only
synthetic,24812,eyemap_mcns_f20240701:R:23:26,AUTHOR_PUBLISHED_COLUMN_CORRESPONDENCE,False,False,,,NONE: image-space readout only
synthetic,42687,eyemap_mcns_f20240701:R:23:27,AUTHOR_PUBLISHED_COLUMN_CORRESPONDENCE,False,False,,,NONE: image-space readout only
synthetic,31520,eyemap_mcns_f20240701:R:23:28,AUTHOR_PUBLISHED_COLUMN_CORRESPONDENCE,False,False,,,NONE: image-space readout only
synthetic,24085,eyemap_mcns_f20240701:R:23:29,AUTHOR_PUBLISHED_COLUMN_CORRESPONDENCE,False,False,,,NONE: image-space readout only
synthetic,24007,eyemap_mcns_f20240701:R:23:30,AUTHOR_PUBLISHED_COLUMN_CORRESPONDENCE,False,False,,,NONE: image-space readout only
synthetic,26735,eyemap_mcns_f20240701:R:23:31,AUTHOR_PUBLISHED_COLUMN_CORRESPONDENCE,False,False,,,NONE: image-space readout only
synthetic,26919,eyemap_mcns_f20240701:R:23:32,AUTHOR_PUBLISHED_COLUMN_CORRESPONDENCE,False,False,,,NONE: image-space readout only
synthetic,24240,eyemap_mcns_f20240701:R:23:33,AUTHOR_PUBLISHED_COLUMN_CORRESPONDENCE,False,False,,,NONE: image-space readout only
synthetic,22312,eyemap_mcns_f20240701:R:23:34,AUTHOR_PUBLISHED_COLUMN_CORRESPONDENCE,False,False,,,NONE: image-space readout only
synthetic,18675,eyemap_mcns_f20240701:R:23:35,AUTHOR_PUBLISHED_COLUMN_CORRESPONDENCE,False,False,,,NONE: image-space readout only
synthetic,21714,eyemap_mcns_f20240701:R:23:36,AUTHOR_PUBLISHED_COLUMN_CORRESPONDENCE,False,False,,,NONE: image-space readout only
synthetic,54181,,MISSING_AUTHOR_BOUNDARY_COLUMN,False,False,,,NONE: image-space readout only
synthetic,52664,eyemap_mcns_f20240701:R:24:9,AUTHOR_PUBLISHED_COLUMN_CORRESPONDENCE,True,True,190.5761566745125,204.4986771074074,NONE: image-space readout only
synthetic,34653,eyemap_mcns_f20240701:R:24:10,AUTHOR_PUBLISHED_COLUMN_CORRESPONDENCE,True,True,208.83363188778466,197.0285700547325,NONE: image-space readout only
synthetic,29730,eyemap_mcns_f20240701:R:24:11,AUTHOR_PUBLISHED_COLUMN_CORRESPONDENCE,True,True,222.70364923574826,189.30464051335807,NONE: image-space readout only
synthetic,20541,eyemap_mcns_f20240701:R:24:12,AUTHOR_PUBLISHED_COLUMN_CORRESPONDENCE,True,True,238.52087416524688,186.0323312290074,NONE: image-space readout only
synthetic,21998,eyemap_mcns_f20240701:R:24:13,AUTHOR_PUBLISHED_COLUMN_CORRESPONDENCE,True,True,251.74077738343843,179.00823686071817,NONE: image-space readout only
synthetic,25867,eyemap_mcns_f20240701:R:24:14,AUTHOR_PUBLISHED_COLUMN_CORRESPONDENCE,True,True,267.76587448390586,172.1201338565192,NONE: image-space readout only
synthetic,27772,eyemap_mcns_f20240701:R:24:15,AUTHOR_PUBLISHED_COLUMN_CORRESPONDENCE,True,True,282.2981224561774,164.08709725609356,NONE: image-space readout only
synthetic,30821,eyemap_mcns_f20240701:R:24:16,AUTHOR_PUBLISHED_COLUMN_CORRESPONDENCE,True,True,299.22250236422747,152.80798691869688,NONE: image-space readout only
synthetic,30982,eyemap_mcns_f20240701:R:24:17,AUTHOR_PUBLISHED_COLUMN_CORRESPONDENCE,True,True,316.21102369802395,140.84569881855202,NONE: image-space readout only
synthetic,28358,eyemap_mcns_f20240701:R:24:18,AUTHOR_PUBLISHED_COLUMN_CORRESPONDENCE,True,True,333.78936238398234,128.98184059272336,NONE: image-space readout only
synthetic,28130,eyemap_mcns_f20240701:R:24:19,AUTHOR_PUBLISHED_COLUMN_CORRESPONDENCE,True,True,355.3597506455183,116.63928695809909,NONE: image-space readout only
synthetic,29233,eyemap_mcns_f20240701:R:24:20,AUTHOR_PUBLISHED_COLUMN_CORRESPONDENCE,True,True,371.13158461710304,102.78644591863906,NONE: image-space readout only
synthetic,30223,eyemap_mcns_f20240701:R:24:21,AUTHOR_PUBLISHED_COLUMN_CORRESPONDENCE,True,False,390.10130469970056,86.40619610809519,NONE: image-space readout only
synthetic,30417,eyemap_mcns_f20240701:R:24:22,AUTHOR_PUBLISHED_COLUMN_CORRESPONDENCE,False,False,,,NONE: image-space readout only
synthetic,32132,eyemap_mcns_f20240701:R:24:23,AUTHOR_PUBLISHED_COLUMN_CORRESPONDENCE,False,False,,,NONE: image-space readout only
synthetic,29714,eyemap_mcns_f20240701:R:24:24,AUTHOR_PUBLISHED_COLUMN_CORRESPONDENCE,False,False,,,NONE: image-space readout only
synthetic,32184,eyemap_mcns_f20240701:R:24:25,AUTHOR_PUBLISHED_COLUMN_CORRESPONDENCE,False,False,,,NONE: image-space readout only
synthetic,37945,eyemap_mcns_f20240701:R:24:26,AUTHOR_PUBLISHED_COLUMN_CORRESPONDENCE,False,False,,,NONE: image-space readout only
synthetic,38799,eyemap_mcns_f20240701:R:24:27,AUTHOR_PUBLISHED_COLUMN_CORRESPONDENCE,False,False,,,NONE: image-space readout only
synthetic,30528,eyemap_mcns_f20240701:R:24:28,AUTHOR_PUBLISHED_COLUMN_CORRESPONDENCE,False,False,,,NONE: image-space readout only
synthetic,26506,eyemap_mcns_f20240701:R:24:29,AUTHOR_PUBLISHED_COLUMN_CORRESPONDENCE,False,False,,,NONE: image-space readout only
synthetic,25341,eyemap_mcns_f20240701:R:24:30,AUTHOR_PUBLISHED_COLUMN_CORRESPONDENCE,False,False,,,NONE: image-space readout only
synthetic,24767,eyemap_mcns_f20240701:R:24:31,AUTHOR_PUBLISHED_COLUMN_CORRESPONDENCE,False,False,,,NONE: image-space readout only
synthetic,23641,eyemap_mcns_f20240701:R:24:32,AUTHOR_PUBLISHED_COLUMN_CORRESPONDENCE,False,False,,,NONE: image-space readout only
synthetic,21310,eyemap_mcns_f20240701:R:24:33,AUTHOR_PUBLISHED_COLUMN_CORRESPONDENCE,False,False,,,NONE: image-space readout only
synthetic,362664,eyemap_mcns_f20240701:R:24:34,AUTHOR_PUBLISHED_COLUMN_CORRESPONDENCE,False,False,,,NONE: image-space readout only
synthetic,27740,eyemap_mcns_f20240701:R:24:35,AUTHOR_PUBLISHED_COLUMN_CORRESPONDENCE,False,False,,,NONE: image-space readout only
synthetic,18509,eyemap_mcns_f20240701:R:24:36,AUTHOR_PUBLISHED_COLUMN_CORRESPONDENCE,False,False,,,NONE: image-space readout only
synthetic,23529,,MISSING_AUTHOR_BOUNDARY_COLUMN,False,False,,,NONE: image-space readout only
synthetic,43130,eyemap_mcns_f20240701:R:25:10,AUTHOR_PUBLISHED_COLUMN_CORRESPONDENCE,True,True,190.68543058821885,196.33051487875827,NONE: image-space readout only
synthetic,56150,eyemap_mcns_f20240701:R:25:10,AUTHOR_PUBLISHED_COLUMN_CORRESPONDENCE,True,True,190.68543058821885,196.33051487875827,NONE: image-space readout only
synthetic,37220,eyemap_mcns_f20240701:R:25:11,AUTHOR_PUBLISHED_COLUMN_CORRESPONDENCE,True,True,208.01092975962752,190.17960115942768,NONE: image-space readout only
synthetic,29874,eyemap_mcns_f20240701:R:25:12,AUTHOR_PUBLISHED_COLUMN_CORRESPONDENCE,True,True,222.58914984211125,183.27767860107627,NONE: image-space readout only
synthetic,24290,eyemap_mcns_f20240701:R:25:13,AUTHOR_PUBLISHED_COLUMN_CORRESPONDENCE,True,True,237.61236622158668,174.57566322366432,NONE: image-space readout only
synthetic,19409,eyemap_mcns_f20240701:R:25:14,AUTHOR_PUBLISHED_COLUMN_CORRESPONDENCE,True,True,251.49679698891805,166.02628838532814,NONE: image-space readout only
synthetic,27876,eyemap_mcns_f20240701:R:25:15,AUTHOR_PUBLISHED_COLUMN_CORRESPONDENCE,True,True,264.9731859868977,158.68122204717866,NONE: image-space readout only
synthetic,31244,eyemap_mcns_f20240701:R:25:16,AUTHOR_PUBLISHED_COLUMN_CORRESPONDENCE,True,True,282.9943829188946,147.85263082815575,NONE: image-space readout only
synthetic,31079,eyemap_mcns_f20240701:R:25:17,AUTHOR_PUBLISHED_COLUMN_CORRESPONDENCE,True,True,297.5362825966249,136.42395527497814,NONE: image-space readout only
synthetic,27036,eyemap_mcns_f20240701:R:25:18,AUTHOR_PUBLISHED_COLUMN_CORRESPONDENCE,True,True,313.89957683130274,124.8171412313858,NONE: image-space readout only
synthetic,26578,eyemap_mcns_f20240701:R:25:19,AUTHOR_PUBLISHED_COLUMN_CORRESPONDENCE,True,True,332.7125930657104,110.4773964781167,NONE: image-space readout only
synthetic,29912,eyemap_mcns_f20240701:R:25:20,AUTHOR_PUBLISHED_COLUMN_CORRESPONDENCE,True,True,352.67272886442265,95.95417579250103,NONE: image-space readout only
synthetic,26247,eyemap_mcns_f20240701:R:25:21,AUTHOR_PUBLISHED_COLUMN_CORRESPONDENCE,True,False,369.17309931921704,81.17098624944711,NONE: image-space readout only
synthetic,26282,eyemap_mcns_f20240701:R:25:22,AUTHOR_PUBLISHED_COLUMN_CORRESPONDENCE,True,False,394.24032481964275,56.260244283036144,NONE: image-space readout only
synthetic,29871,eyemap_mcns_f20240701:R:25:23,AUTHOR_PUBLISHED_COLUMN_CORRESPONDENCE,False,False,,,NONE: image-space readout only
synthetic,28695,eyemap_mcns_f20240701:R:25:24,AUTHOR_PUBLISHED_COLUMN_CORRESPONDENCE,False,False,,,NONE: image-space readout only
synthetic,29133,eyemap_mcns_f20240701:R:25:25,AUTHOR_PUBLISHED_COLUMN_CORRESPONDENCE,False,False,,,NONE: image-space readout only
synthetic,33803,eyemap_mcns_f20240701:R:25:26,AUTHOR_PUBLISHED_COLUMN_CORRESPONDENCE,False,False,,,NONE: image-space readout only
synthetic,33980,eyemap_mcns_f20240701:R:25:27,AUTHOR_PUBLISHED_COLUMN_CORRESPONDENCE,False,False,,,NONE: image-space readout only
synthetic,31691,eyemap_mcns_f20240701:R:25:28,AUTHOR_PUBLISHED_COLUMN_CORRESPONDENCE,False,False,,,NONE: image-space readout only
synthetic,29564,eyemap_mcns_f20240701:R:25:29,AUTHOR_PUBLISHED_COLUMN_CORRESPONDENCE,False,False,,,NONE: image-space readout only
synthetic,26734,eyemap_mcns_f20240701:R:25:30,AUTHOR_PUBLISHED_COLUMN_CORRESPONDENCE,False,False,,,NONE: image-space readout only
synthetic,26447,eyemap_mcns_f20240701:R:25:31,AUTHOR_PUBLISHED_COLUMN_CORRESPONDENCE,False,False,,,NONE: image-space readout only
synthetic,25531,eyemap_mcns_f20240701:R:25:32,AUTHOR_PUBLISHED_COLUMN_CORRESPONDENCE,False,False,,,NONE: image-space readout only
synthetic,27264,eyemap_mcns_f20240701:R:25:33,AUTHOR_PUBLISHED_COLUMN_CORRESPONDENCE,False,False,,,NONE: image-space readout only
synthetic,25757,eyemap_mcns_f20240701:R:25:34,AUTHOR_PUBLISHED_COLUMN_CORRESPONDENCE,False,False,,,NONE: image-space readout only
synthetic,23572,eyemap_mcns_f20240701:R:25:35,AUTHOR_PUBLISHED_COLUMN_CORRESPONDENCE,False,False,,,NONE: image-space readout only
synthetic,18653,eyemap_mcns_f20240701:R:25:36,AUTHOR_PUBLISHED_COLUMN_CORRESPONDENCE,False,False,,,NONE: image-space readout only
synthetic,19914,eyemap_mcns_f20240701:R:25:37,AUTHOR_PUBLISHED_COLUMN_CORRESPONDENCE,False,False,,,NONE: image-space readout only
synthetic,27536,,MISSING_AUTHOR_BOUNDARY_COLUMN,False,False,,,NONE: image-space readout only
synthetic,68675,eyemap_mcns_f20240701:R:26:11,AUTHOR_PUBLISHED_COLUMN_CORRESPONDENCE,True,True,192.7196042165237,191.62839162147344,NONE: image-space readout only
synthetic,35342,eyemap_mcns_f20240701:R:26:12,AUTHOR_PUBLISHED_COLUMN_CORRESPONDENCE,True,True,207.02393229848985,180.7043009621097,NONE: image-space readout only
synthetic,110357,eyemap_mcns_f20240701:R:26:13,AUTHOR_PUBLISHED_COLUMN_CORRESPONDENCE,True,True,223.61859821671013,170.5194229695636,NONE: image-space readout only
synthetic,27397,eyemap_mcns_f20240701:R:26:14,AUTHOR_PUBLISHED_COLUMN_CORRESPONDENCE,True,True,237.65677748506258,161.04743997705094,NONE: image-space readout only
synthetic,27867,eyemap_mcns_f20240701:R:26:15,AUTHOR_PUBLISHED_COLUMN_CORRESPONDENCE,True,True,252.02247193129332,152.20958105196434,NONE: image-space readout only
synthetic,30672,eyemap_mcns_f20240701:R:26:16,AUTHOR_PUBLISHED_COLUMN_CORRESPONDENCE,True,True,266.8569309763208,142.1983204246713,NONE: image-space readout only
synthetic,22949,eyemap_mcns_f20240701:R:26:17,AUTHOR_PUBLISHED_COLUMN_CORRESPONDENCE,True,True,283.2098226860875,130.23387805666965,NONE: image-space readout only
synthetic,26823,eyemap_mcns_f20240701:R:26:18,AUTHOR_PUBLISHED_COLUMN_CORRESPONDENCE,True,True,298.3695933469615,118.95746664630977,NONE: image-space readout only
synthetic,29013,eyemap_mcns_f20240701:R:26:19,AUTHOR_PUBLISHED_COLUMN_CORRESPONDENCE,True,True,312.9976908475535,106.51972938868145,NONE: image-space readout only
synthetic,28881,eyemap_mcns_f20240701:R:26:20,AUTHOR_PUBLISHED_COLUMN_CORRESPONDENCE,True,True,327.90869287606984,91.9463724308612,NONE: image-space readout only
synthetic,29668,eyemap_mcns_f20240701:R:26:21,AUTHOR_PUBLISHED_COLUMN_CORRESPONDENCE,True,False,348.17849736372756,73.61631253159595,NONE: image-space readout only
synthetic,23912,eyemap_mcns_f20240701:R:26:22,AUTHOR_PUBLISHED_COLUMN_CORRESPONDENCE,True,False,368.53544513699444,55.14884312565974,NONE: image-space readout only
synthetic,30125,eyemap_mcns_f20240701:R:26:23,AUTHOR_PUBLISHED_COLUMN_CORRESPONDENCE,True,False,398.0119688701494,26.316689731301267,NONE: image-space readout only
synthetic,373497,eyemap_mcns_f20240701:R:26:24,AUTHOR_PUBLISHED_COLUMN_CORRESPONDENCE,False,False,,,NONE: image-space readout only
synthetic,27892,eyemap_mcns_f20240701:R:26:25,AUTHOR_PUBLISHED_COLUMN_CORRESPONDENCE,False,False,,,NONE: image-space readout only
synthetic,28766,eyemap_mcns_f20240701:R:26:26,AUTHOR_PUBLISHED_COLUMN_CORRESPONDENCE,False,False,,,NONE: image-space readout only
synthetic,30040,eyemap_mcns_f20240701:R:26:27,AUTHOR_PUBLISHED_COLUMN_CORRESPONDENCE,False,False,,,NONE: image-space readout only
synthetic,34244,eyemap_mcns_f20240701:R:26:28,AUTHOR_PUBLISHED_COLUMN_CORRESPONDENCE,False,False,,,NONE: image-space readout only
synthetic,29814,eyemap_mcns_f20240701:R:26:29,AUTHOR_PUBLISHED_COLUMN_CORRESPONDENCE,False,False,,,NONE: image-space readout only
synthetic,27354,eyemap_mcns_f20240701:R:26:30,AUTHOR_PUBLISHED_COLUMN_CORRESPONDENCE,False,False,,,NONE: image-space readout only
synthetic,25485,eyemap_mcns_f20240701:R:26:31,AUTHOR_PUBLISHED_COLUMN_CORRESPONDENCE,False,False,,,NONE: image-space readout only
synthetic,22161,eyemap_mcns_f20240701:R:26:32,AUTHOR_PUBLISHED_COLUMN_CORRESPONDENCE,False,False,,,NONE: image-space readout only
synthetic,25315,eyemap_mcns_f20240701:R:26:33,AUTHOR_PUBLISHED_COLUMN_CORRESPONDENCE,False,False,,,NONE: image-space readout only
synthetic,26190,eyemap_mcns_f20240701:R:26:34,AUTHOR_PUBLISHED_COLUMN_CORRESPONDENCE,False,False,,,NONE: image-space readout only
synthetic,24990,eyemap_mcns_f20240701:R:26:35,AUTHOR_PUBLISHED_COLUMN_CORRESPONDENCE,False,False,,,NONE: image-space readout only
synthetic,244826,eyemap_mcns_f20240701:R:26:36,AUTHOR_PUBLISHED_COLUMN_CORRESPONDENCE,False,False,,,NONE: image-space readout only
synthetic,19421,eyemap_mcns_f20240701:R:26:37,AUTHOR_PUBLISHED_COLUMN_CORRESPONDENCE,False,False,,,NONE: image-space readout only
synthetic,36941,,MISSING_AUTHOR_BOUNDARY_COLUMN,False,False,,,NONE: image-space readout only
synthetic,77495,,MISSING_AUTHOR_BOUNDARY_COLUMN,False,False,,,NONE: image-space readout only
synthetic,57185,eyemap_mcns_f20240701:R:27:12,AUTHOR_PUBLISHED_COLUMN_CORRESPONDENCE,True,True,192.23294507972875,182.8789727708448,NONE: image-space readout only
synthetic,44708,eyemap_mcns_f20240701:R:27:13,AUTHOR_PUBLISHED_COLUMN_CORRESPONDENCE,True,True,208.44001603518257,169.9893735699194,NONE: image-space readout only
synthetic,29646,eyemap_mcns_f20240701:R:27:14,AUTHOR_PUBLISHED_COLUMN_CORRESPONDENCE,True,True,223.66885352867922,158.11169796118662,NONE: image-space readout only
synthetic,29001,eyemap_mcns_f20240701:R:27:15,AUTHOR_PUBLISHED_COLUMN_CORRESPONDENCE,True,True,235.60127909974153,147.53506841019396,NONE: image-space readout only
synthetic,28039,eyemap_mcns_f20240701:R:27:16,AUTHOR_PUBLISHED_COLUMN_CORRESPONDENCE,True,True,247.30642237646197,137.67451702344215,NONE: image-space readout only
synthetic,29706,eyemap_mcns_f20240701:R:27:17,AUTHOR_PUBLISHED_COLUMN_CORRESPONDENCE,True,True,263.8277784449318,124.76804367088855,NONE: image-space readout only
synthetic,30774,eyemap_mcns_f20240701:R:27:18,AUTHOR_PUBLISHED_COLUMN_CORRESPONDENCE,True,True,276.9596023646056,112.40650738938389,NONE: image-space readout only
synthetic,32360,eyemap_mcns_f20240701:R:27:19,AUTHOR_PUBLISHED_COLUMN_CORRESPONDENCE,True,True,291.72188537967776,100.13625092212371,NONE: image-space readout only
synthetic,27312,eyemap_mcns_f20240701:R:27:20,AUTHOR_PUBLISHED_COLUMN_CORRESPONDENCE,True,True,308.7560403849937,87.4388145145317,NONE: image-space readout only
synthetic,31012,eyemap_mcns_f20240701:R:27:21,AUTHOR_PUBLISHED_COLUMN_CORRESPONDENCE,True,False,327.1343430047422,67.7880224063853,NONE: image-space readout only
synthetic,34174,eyemap_mcns_f20240701:R:27:22,AUTHOR_PUBLISHED_COLUMN_CORRESPONDENCE,True,False,347.7487907869301,45.471337459733235,NONE: image-space readout only
synthetic,27230,eyemap_mcns_f20240701:R:27:23,AUTHOR_PUBLISHED_COLUMN_CORRESPONDENCE,True,False,370.7874714191427,20.767965112789426,NONE: image-space readout only
synthetic,27156,eyemap_mcns_f20240701:R:27:24,AUTHOR_PUBLISHED_COLUMN_CORRESPONDENCE,False,False,,,NONE: image-space readout only
synthetic,29281,eyemap_mcns_f20240701:R:27:25,AUTHOR_PUBLISHED_COLUMN_CORRESPONDENCE,False,False,,,NONE: image-space readout only
synthetic,27793,eyemap_mcns_f20240701:R:27:26,AUTHOR_PUBLISHED_COLUMN_CORRESPONDENCE,False,False,,,NONE: image-space readout only
synthetic,25606,eyemap_mcns_f20240701:R:27:27,AUTHOR_PUBLISHED_COLUMN_CORRESPONDENCE,False,False,,,NONE: image-space readout only
synthetic,27699,eyemap_mcns_f20240701:R:27:28,AUTHOR_PUBLISHED_COLUMN_CORRESPONDENCE,False,False,,,NONE: image-space readout only
synthetic,34749,eyemap_mcns_f20240701:R:27:29,AUTHOR_PUBLISHED_COLUMN_CORRESPONDENCE,False,False,,,NONE: image-space readout only
synthetic,29317,eyemap_mcns_f20240701:R:27:30,AUTHOR_PUBLISHED_COLUMN_CORRESPONDENCE,False,False,,,NONE: image-space readout only
synthetic,26025,eyemap_mcns_f20240701:R:27:31,AUTHOR_PUBLISHED_COLUMN_CORRESPONDENCE,False,False,,,NONE: image-space readout only
synthetic,25095,eyemap_mcns_f20240701:R:27:32,AUTHOR_PUBLISHED_COLUMN_CORRESPONDENCE,False,False,,,NONE: image-space readout only
synthetic,505727,eyemap_mcns_f20240701:R:27:33,AUTHOR_PUBLISHED_COLUMN_CORRESPONDENCE,False,False,,,NONE: image-space readout only
synthetic,18682,eyemap_mcns_f20240701:R:27:34,AUTHOR_PUBLISHED_COLUMN_CORRESPONDENCE,False,False,,,NONE: image-space readout only
synthetic,25627,eyemap_mcns_f20240701:R:27:35,AUTHOR_PUBLISHED_COLUMN_CORRESPONDENCE,False,False,,,NONE: image-space readout only
synthetic,25884,eyemap_mcns_f20240701:R:27:36,AUTHOR_PUBLISHED_COLUMN_CORRESPONDENCE,False,False,,,NONE: image-space readout only
synthetic,27631,eyemap_mcns_f20240701:R:27:37,AUTHOR_PUBLISHED_COLUMN_CORRESPONDENCE,False,False,,,NONE: image-space readout only
synthetic,33733,,MISSING_AUTHOR_BOUNDARY_COLUMN,False,False,,,NONE: image-space readout only
synthetic,32685,,MISSING_AUTHOR_BOUNDARY_COLUMN,False,False,,,NONE: image-space readout only
synthetic,61901,eyemap_mcns_f20240701:R:28:13,AUTHOR_PUBLISHED_COLUMN_CORRESPONDENCE,True,True,192.9987680512022,172.17528897716926,NONE: image-space readout only
synthetic,48961,eyemap_mcns_f20240701:R:28:14,AUTHOR_PUBLISHED_COLUMN_CORRESPONDENCE,True,True,207.8091274836516,156.68782844334493,NONE: image-space readout only
synthetic,24793,eyemap_mcns_f20240701:R:28:15,AUTHOR_PUBLISHED_COLUMN_CORRESPONDENCE,True,True,220.0346617416237,145.08398933444514,NONE: image-space readout only
synthetic,29051,eyemap_mcns_f20240701:R:28:16,AUTHOR_PUBLISHED_COLUMN_CORRESPONDENCE,True,True,231.0018919376096,133.22250653870753,NONE: image-space readout only
synthetic,28787,eyemap_mcns_f20240701:R:28:17,AUTHOR_PUBLISHED_COLUMN_CORRESPONDENCE,True,True,243.44152756362877,122.0437519226245,NONE: image-space readout only
synthetic,31038,eyemap_mcns_f20240701:R:28:18,AUTHOR_PUBLISHED_COLUMN_CORRESPONDENCE,True,True,256.22472526729825,111.18272050841392,NONE: image-space readout only
synthetic,28600,eyemap_mcns_f20240701:R:28:19,AUTHOR_PUBLISHED_COLUMN_CORRESPONDENCE,True,True,270.75121299827396,97.74851363000906,NONE: image-space readout only
synthetic,32965,eyemap_mcns_f20240701:R:28:20,AUTHOR_PUBLISHED_COLUMN_CORRESPONDENCE,True,True,287.70974223256394,81.16249725055982,NONE: image-space readout only
synthetic,26319,eyemap_mcns_f20240701:R:28:21,AUTHOR_PUBLISHED_COLUMN_CORRESPONDENCE,True,True,307.4763876437928,64.3370203330345,NONE: image-space readout only
synthetic,30305,eyemap_mcns_f20240701:R:28:22,AUTHOR_PUBLISHED_COLUMN_CORRESPONDENCE,True,False,324.078071473747,41.59334836207981,NONE: image-space readout only
synthetic,28308,eyemap_mcns_f20240701:R:28:23,AUTHOR_PUBLISHED_COLUMN_CORRESPONDENCE,True,False,341.9931955448002,17.892123297403003,NONE: image-space readout only
synthetic,27674,eyemap_mcns_f20240701:R:28:24,AUTHOR_PUBLISHED_COLUMN_CORRESPONDENCE,False,False,,,NONE: image-space readout only
synthetic,26623,eyemap_mcns_f20240701:R:28:25,AUTHOR_PUBLISHED_COLUMN_CORRESPONDENCE,False,False,,,NONE: image-space readout only
synthetic,28060,eyemap_mcns_f20240701:R:28:26,AUTHOR_PUBLISHED_COLUMN_CORRESPONDENCE,False,False,,,NONE: image-space readout only
synthetic,24462,eyemap_mcns_f20240701:R:28:27,AUTHOR_PUBLISHED_COLUMN_CORRESPONDENCE,False,False,,,NONE: image-space readout only
synthetic,26847,eyemap_mcns_f20240701:R:28:28,AUTHOR_PUBLISHED_COLUMN_CORRESPONDENCE,False,False,,,NONE: image-space readout only
synthetic,24758,eyemap_mcns_f20240701:R:28:29,AUTHOR_PUBLISHED_COLUMN_CORRESPONDENCE,False,False,,,NONE: image-space readout only
synthetic,26851,eyemap_mcns_f20240701:R:28:30,AUTHOR_PUBLISHED_COLUMN_CORRESPONDENCE,False,False,,,NONE: image-space readout only
synthetic,28738,eyemap_mcns_f20240701:R:28:31,AUTHOR_PUBLISHED_COLUMN_CORRESPONDENCE,False,False,,,NONE: image-space readout only
synthetic,32022,eyemap_mcns_f20240701:R:28:32,AUTHOR_PUBLISHED_COLUMN_CORRESPONDENCE,False,False,,,NONE: image-space readout only
synthetic,21167,eyemap_mcns_f20240701:R:28:33,AUTHOR_PUBLISHED_COLUMN_CORRESPONDENCE,False,False,,,NONE: image-space readout only
synthetic,19903,eyemap_mcns_f20240701:R:28:34,AUTHOR_PUBLISHED_COLUMN_CORRESPONDENCE,False,False,,,NONE: image-space readout only
synthetic,21259,eyemap_mcns_f20240701:R:28:35,AUTHOR_PUBLISHED_COLUMN_CORRESPONDENCE,False,False,,,NONE: image-space readout only
synthetic,25277,eyemap_mcns_f20240701:R:28:36,AUTHOR_PUBLISHED_COLUMN_CORRESPONDENCE,False,False,,,NONE: image-space readout only
synthetic,26795,eyemap_mcns_f20240701:R:28:37,AUTHOR_PUBLISHED_COLUMN_CORRESPONDENCE,False,False,,,NONE: image-space readout only
synthetic,31302,,MISSING_AUTHOR_BOUNDARY_COLUMN,False,False,,,NONE: image-space readout only
synthetic,53322,,MISSING_AUTHOR_BOUNDARY_COLUMN,False,False,,,NONE: image-space readout only
synthetic,32942,eyemap_mcns_f20240701:R:29:14,AUTHOR_PUBLISHED_COLUMN_CORRESPONDENCE,True,True,191.66708255114037,157.53138580236975,NONE: image-space readout only
synthetic,53927,eyemap_mcns_f20240701:R:29:15,AUTHOR_PUBLISHED_COLUMN_CORRESPONDENCE,True,True,204.599684966004,142.76736893436728,NONE: image-space readout only
synthetic,33417,eyemap_mcns_f20240701:R:29:16,AUTHOR_PUBLISHED_COLUMN_CORRESPONDENCE,True,True,215.25645580164945,130.7733812470794,NONE: image-space readout only
synthetic,26389,eyemap_mcns_f20240701:R:29:17,AUTHOR_PUBLISHED_COLUMN_CORRESPONDENCE,True,True,227.30720277396398,118.60393049973017,NONE: image-space readout only
synthetic,29800,eyemap_mcns_f20240701:R:29:18,AUTHOR_PUBLISHED_COLUMN_CORRESPONDENCE,True,True,239.38157842074384,107.4175183310779,NONE: image-space readout only
synthetic,27198,eyemap_mcns_f20240701:R:29:19,AUTHOR_PUBLISHED_COLUMN_CORRESPONDENCE,True,True,250.12120756394916,94.67879016777675,NONE: image-space readout only
synthetic,22701,eyemap_mcns_f20240701:R:29:20,AUTHOR_PUBLISHED_COLUMN_CORRESPONDENCE,True,True,265.0453972715526,80.49174994685589,NONE: image-space readout only
synthetic,24280,eyemap_mcns_f20240701:R:29:21,AUTHOR_PUBLISHED_COLUMN_CORRESPONDENCE,True,True,281.7144602036099,67.22461110366135,NONE: image-space readout only
synthetic,27241,eyemap_mcns_f20240701:R:29:22,AUTHOR_PUBLISHED_COLUMN_CORRESPONDENCE,True,False,298.1134549776441,45.38872424033735,NONE: image-space readout only
synthetic,26992,eyemap_mcns_f20240701:R:29:23,AUTHOR_PUBLISHED_COLUMN_CORRESPONDENCE,True,False,316.04474531917856,17.381612708633867,NONE: image-space readout only
synthetic,28004,eyemap_mcns_f20240701:R:29:24,AUTHOR_PUBLISHED_COLUMN_CORRESPONDENCE,False,False,,,NONE: image-space readout only
synthetic,28351,eyemap_mcns_f20240701:R:29:25,AUTHOR_PUBLISHED_COLUMN_CORRESPONDENCE,False,False,,,NONE: image-space readout only
synthetic,28601,eyemap_mcns_f20240701:R:29:26,AUTHOR_PUBLISHED_COLUMN_CORRESPONDENCE,False,False,,,NONE: image-space readout only
synthetic,27313,eyemap_mcns_f20240701:R:29:27,AUTHOR_PUBLISHED_COLUMN_CORRESPONDENCE,False,False,,,NONE: image-space readout only
synthetic,24934,eyemap_mcns_f20240701:R:29:28,AUTHOR_PUBLISHED_COLUMN_CORRESPONDENCE,False,False,,,NONE: image-space readout only
synthetic,21133,eyemap_mcns_f20240701:R:29:29,AUTHOR_PUBLISHED_COLUMN_CORRESPONDENCE,False,False,,,NONE: image-space readout only
synthetic,26850,eyemap_mcns_f20240701:R:29:30,AUTHOR_PUBLISHED_COLUMN_CORRESPONDENCE,False,False,,,NONE: image-space readout only
synthetic,21317,eyemap_mcns_f20240701:R:29:31,AUTHOR_PUBLISHED_COLUMN_CORRESPONDENCE,False,False,,,NONE: image-space readout only
synthetic,29449,eyemap_mcns_f20240701:R:29:32,AUTHOR_PUBLISHED_COLUMN_CORRESPONDENCE,False,False,,,NONE: image-space readout only
synthetic,28864,eyemap_mcns_f20240701:R:29:33,AUTHOR_PUBLISHED_COLUMN_CORRESPONDENCE,False,False,,,NONE: image-space readout only
synthetic,22541,eyemap_mcns_f20240701:R:29:34,AUTHOR_PUBLISHED_COLUMN_CORRESPONDENCE,False,False,,,NONE: image-space readout only
synthetic,19591,eyemap_mcns_f20240701:R:29:35,AUTHOR_PUBLISHED_COLUMN_CORRESPONDENCE,False,False,,,NONE: image-space readout only
synthetic,35959,eyemap_mcns_f20240701:R:29:36,AUTHOR_PUBLISHED_COLUMN_CORRESPONDENCE,False,False,,,NONE: image-space readout only
synthetic,23707,eyemap_mcns_f20240701:R:29:37,AUTHOR_PUBLISHED_COLUMN_CORRESPONDENCE,False,False,,,NONE: image-space readout only
synthetic,31437,eyemap_mcns_f20240701:R:29:38,AUTHOR_PUBLISHED_COLUMN_CORRESPONDENCE,False,False,,,NONE: image-space readout only
synthetic,44651,,MISSING_AUTHOR_BOUNDARY_COLUMN,False,False,,,NONE: image-space readout only
synthetic,73435,eyemap_mcns_f20240701:R:30:15,AUTHOR_PUBLISHED_COLUMN_CORRESPONDENCE,True,True,184.77214195953408,137.92836082235937,NONE: image-space readout only
synthetic,542768,eyemap_mcns_f20240701:R:30:16,AUTHOR_PUBLISHED_COLUMN_CORRESPONDENCE,True,True,199.52404254519337,126.80437851630539,NONE: image-space readout only
synthetic,33458,eyemap_mcns_f20240701:R:30:17,AUTHOR_PUBLISHED_COLUMN_CORRESPONDENCE,True,True,208.25967986139585,117.09899302990705,NONE: image-space readout only
synthetic,31841,eyemap_mcns_f20240701:R:30:18,AUTHOR_PUBLISHED_COLUMN_CORRESPONDENCE,True,True,220.47518112660106,105.14829412672557,NONE: image-space readout only
synthetic,26980,eyemap_mcns_f20240701:R:30:19,AUTHOR_PUBLISHED_COLUMN_CORRESPONDENCE,True,True,234.68513035376606,92.68490528836269,NONE: image-space readout only
synthetic,27830,eyemap_mcns_f20240701:R:30:20,AUTHOR_PUBLISHED_COLUMN_CORRESPONDENCE,True,True,245.2969350889623,81.47525109836879,NONE: image-space readout only
synthetic,25102,eyemap_mcns_f20240701:R:30:21,AUTHOR_PUBLISHED_COLUMN_CORRESPONDENCE,True,True,260.5665148681154,63.12646517216086,NONE: image-space readout only
synthetic,23460,eyemap_mcns_f20240701:R:30:22,AUTHOR_PUBLISHED_COLUMN_CORRESPONDENCE,True,False,274.6245593962827,44.07307110177578,NONE: image-space readout only
synthetic,25347,eyemap_mcns_f20240701:R:30:23,AUTHOR_PUBLISHED_COLUMN_CORRESPONDENCE,True,False,289.25347084136786,20.33644857000189,NONE: image-space readout only
synthetic,26083,eyemap_mcns_f20240701:R:30:24,AUTHOR_PUBLISHED_COLUMN_CORRESPONDENCE,False,False,,,NONE: image-space readout only
synthetic,27861,eyemap_mcns_f20240701:R:30:25,AUTHOR_PUBLISHED_COLUMN_CORRESPONDENCE,False,False,,,NONE: image-space readout only
synthetic,30300,eyemap_mcns_f20240701:R:30:26,AUTHOR_PUBLISHED_COLUMN_CORRESPONDENCE,False,False,,,NONE: image-space readout only
synthetic,29279,eyemap_mcns_f20240701:R:30:27,AUTHOR_PUBLISHED_COLUMN_CORRESPONDENCE,False,False,,,NONE: image-space readout only
synthetic,32024,eyemap_mcns_f20240701:R:30:28,AUTHOR_PUBLISHED_COLUMN_CORRESPONDENCE,False,False,,,NONE: image-space readout only
synthetic,23633,eyemap_mcns_f20240701:R:30:29,AUTHOR_PUBLISHED_COLUMN_CORRESPONDENCE,False,False,,,NONE: image-space readout only
synthetic,20679,eyemap_mcns_f20240701:R:30:30,AUTHOR_PUBLISHED_COLUMN_CORRESPONDENCE,False,False,,,NONE: image-space readout only
synthetic,20927,eyemap_mcns_f20240701:R:30:31,AUTHOR_PUBLISHED_COLUMN_CORRESPONDENCE,False,False,,,NONE: image-space readout only
synthetic,20248,eyemap_mcns_f20240701:R:30:32,AUTHOR_PUBLISHED_COLUMN_CORRESPONDENCE,False,False,,,NONE: image-space readout only
synthetic,21418,eyemap_mcns_f20240701:R:30:33,AUTHOR_PUBLISHED_COLUMN_CORRESPONDENCE,False,False,,,NONE: image-space readout only
synthetic,19514,eyemap_mcns_f20240701:R:30:34,AUTHOR_PUBLISHED_COLUMN_CORRESPONDENCE,False,False,,,NONE: image-space readout only
synthetic,26177,eyemap_mcns_f20240701:R:30:35,AUTHOR_PUBLISHED_COLUMN_CORRESPONDENCE,False,False,,,NONE: image-space readout only
synthetic,37523,eyemap_mcns_f20240701:R:30:36,AUTHOR_PUBLISHED_COLUMN_CORRESPONDENCE,False,False,,,NONE: image-space readout only
synthetic,21745,eyemap_mcns_f20240701:R:30:37,AUTHOR_PUBLISHED_COLUMN_CORRESPONDENCE,False,False,,,NONE: image-space readout only
synthetic,25430,eyemap_mcns_f20240701:R:30:38,AUTHOR_PUBLISHED_COLUMN_CORRESPONDENCE,False,False,,,NONE: image-space readout only
synthetic,32822,,MISSING_AUTHOR_BOUNDARY_COLUMN,False,False,,,NONE: image-space readout only
synthetic,60324,,MISSING_AUTHOR_BOUNDARY_COLUMN,False,False,,,NONE: image-space readout only
synthetic,45271,eyemap_mcns_f20240701:R:31:17,AUTHOR_PUBLISHED_COLUMN_CORRESPONDENCE,True,True,186.52649792008083,112.32491201576075,NONE: image-space readout only
synthetic,30648,eyemap_mcns_f20240701:R:31:18,AUTHOR_PUBLISHED_COLUMN_CORRESPONDENCE,True,True,196.35481016958744,109.10923277686503,NONE: image-space readout only
synthetic,33203,eyemap_mcns_f20240701:R:31:19,AUTHOR_PUBLISHED_COLUMN_CORRESPONDENCE,True,True,211.9657685626408,91.4029073669603,NONE: image-space readout only
synthetic,20863,eyemap_mcns_f20240701:R:31:20,AUTHOR_PUBLISHED_COLUMN_CORRESPONDENCE,True,True,225.22976976283965,79.08578251107238,NONE: image-space readout only
synthetic,21976,eyemap_mcns_f20240701:R:31:21,AUTHOR_PUBLISHED_COLUMN_CORRESPONDENCE,True,True,237.71395530216265,62.37699292671306,NONE: image-space readout only
synthetic,26868,eyemap_mcns_f20240701:R:31:22,AUTHOR_PUBLISHED_COLUMN_CORRESPONDENCE,True,True,251.7634955080381,42.432567942489925,NONE: image-space readout only
synthetic,27895,eyemap_mcns_f20240701:R:31:23,AUTHOR_PUBLISHED_COLUMN_CORRESPONDENCE,True,False,265.44845860794044,17.101641137971086,NONE: image-space readout only
synthetic,26593,eyemap_mcns_f20240701:R:31:24,AUTHOR_PUBLISHED_COLUMN_CORRESPONDENCE,False,False,,,NONE: image-space readout only
synthetic,24494,eyemap_mcns_f20240701:R:31:25,AUTHOR_PUBLISHED_COLUMN_CORRESPONDENCE,False,False,,,NONE: image-space readout only
synthetic,28778,eyemap_mcns_f20240701:R:31:26,AUTHOR_PUBLISHED_COLUMN_CORRESPONDENCE,False,False,,,NONE: image-space readout only
synthetic,28138,eyemap_mcns_f20240701:R:31:27,AUTHOR_PUBLISHED_COLUMN_CORRESPONDENCE,False,False,,,NONE: image-space readout only
synthetic,27390,eyemap_mcns_f20240701:R:31:28,AUTHOR_PUBLISHED_COLUMN_CORRESPONDENCE,False,False,,,NONE: image-space readout only
synthetic,29522,eyemap_mcns_f20240701:R:31:29,AUTHOR_PUBLISHED_COLUMN_CORRESPONDENCE,False,False,,,NONE: image-space readout only
synthetic,33330,eyemap_mcns_f20240701:R:31:30,AUTHOR_PUBLISHED_COLUMN_CORRESPONDENCE,False,False,,,NONE: image-space readout only
synthetic,37173,eyemap_mcns_f20240701:R:31:31,AUTHOR_PUBLISHED_COLUMN_CORRESPONDENCE,False,False,,,NONE: image-space readout only
synthetic,31614,eyemap_mcns_f20240701:R:31:32,AUTHOR_PUBLISHED_COLUMN_CORRESPONDENCE,False,False,,,NONE: image-space readout only
synthetic,26346,eyemap_mcns_f20240701:R:31:33,AUTHOR_PUBLISHED_COLUMN_CORRESPONDENCE,False,False,,,NONE: image-space readout only
synthetic,20973,eyemap_mcns_f20240701:R:31:34,AUTHOR_PUBLISHED_COLUMN_CORRESPONDENCE,False,False,,,NONE: image-space readout only
synthetic,22043,eyemap_mcns_f20240701:R:31:35,AUTHOR_PUBLISHED_COLUMN_CORRESPONDENCE,False,False,,,NONE: image-space readout only
synthetic,32842,eyemap_mcns_f20240701:R:31:36,AUTHOR_PUBLISHED_COLUMN_CORRESPONDENCE,False,False,,,NONE: image-space readout only
synthetic,37283,eyemap_mcns_f20240701:R:31:37,AUTHOR_PUBLISHED_COLUMN_CORRESPONDENCE,False,False,,,NONE: image-space readout only
synthetic,26175,,MISSING_AUTHOR_BOUNDARY_COLUMN,False,False,,,NONE: image-space readout only
synthetic,37112,,MISSING_AUTHOR_BOUNDARY_COLUMN,False,False,,,NONE: image-space readout only
synthetic,32823,,MISSING_AUTHOR_BOUNDARY_COLUMN,False,False,,,NONE: image-space readout only
synthetic,43182,eyemap_mcns_f20240701:R:32:19,AUTHOR_PUBLISHED_COLUMN_CORRESPONDENCE,True,True,187.67409267977052,96.14350445410453,NONE: image-space readout only
synthetic,26444,eyemap_mcns_f20240701:R:32:20,AUTHOR_PUBLISHED_COLUMN_CORRESPONDENCE,True,True,202.5966421637781,76.06721295240774,NONE: image-space readout only
synthetic,21598,eyemap_mcns_f20240701:R:32:21,AUTHOR_PUBLISHED_COLUMN_CORRESPONDENCE,True,True,216.5434428195334,59.52427587365921,NONE: image-space readout only
synthetic,23427,eyemap_mcns_f20240701:R:32:22,AUTHOR_PUBLISHED_COLUMN_CORRESPONDENCE,True,True,229.6141767023038,41.22648694406149,NONE: image-space readout only
synthetic,22528,eyemap_mcns_f20240701:R:32:23,AUTHOR_PUBLISHED_COLUMN_CORRESPONDENCE,True,False,242.1055867935644,17.64287838561509,NONE: image-space readout only
synthetic,22238,eyemap_mcns_f20240701:R:32:24,AUTHOR_PUBLISHED_COLUMN_CORRESPONDENCE,False,False,,,NONE: image-space readout only
synthetic,28618,eyemap_mcns_f20240701:R:32:25,AUTHOR_PUBLISHED_COLUMN_CORRESPONDENCE,False,False,,,NONE: image-space readout only
synthetic,28729,eyemap_mcns_f20240701:R:32:26,AUTHOR_PUBLISHED_COLUMN_CORRESPONDENCE,False,False,,,NONE: image-space readout only
synthetic,27107,eyemap_mcns_f20240701:R:32:27,AUTHOR_PUBLISHED_COLUMN_CORRESPONDENCE,False,False,,,NONE: image-space readout only
synthetic,28391,eyemap_mcns_f20240701:R:32:28,AUTHOR_PUBLISHED_COLUMN_CORRESPONDENCE,False,False,,,NONE: image-space readout only
synthetic,27844,eyemap_mcns_f20240701:R:32:29,AUTHOR_PUBLISHED_COLUMN_CORRESPONDENCE,False,False,,,NONE: image-space readout only
synthetic,30363,eyemap_mcns_f20240701:R:32:30,AUTHOR_PUBLISHED_COLUMN_CORRESPONDENCE,False,False,,,NONE: image-space readout only
synthetic,28096,eyemap_mcns_f20240701:R:32:31,AUTHOR_PUBLISHED_COLUMN_CORRESPONDENCE,False,False,,,NONE: image-space readout only
synthetic,25581,eyemap_mcns_f20240701:R:32:32,AUTHOR_PUBLISHED_COLUMN_CORRESPONDENCE,False,False,,,NONE: image-space readout only
synthetic,30986,eyemap_mcns_f20240701:R:32:33,AUTHOR_PUBLISHED_COLUMN_CORRESPONDENCE,False,False,,,NONE: image-space readout only
synthetic,30258,eyemap_mcns_f20240701:R:32:34,AUTHOR_PUBLISHED_COLUMN_CORRESPONDENCE,False,False,,,NONE: image-space readout only
synthetic,21021,eyemap_mcns_f20240701:R:32:35,AUTHOR_PUBLISHED_COLUMN_CORRESPONDENCE,False,False,,,NONE: image-space readout only
synthetic,22316,eyemap_mcns_f20240701:R:32:36,AUTHOR_PUBLISHED_COLUMN_CORRESPONDENCE,False,False,,,NONE: image-space readout only
synthetic,27942,eyemap_mcns_f20240701:R:32:37,AUTHOR_PUBLISHED_COLUMN_CORRESPONDENCE,False,False,,,NONE: image-space readout only
synthetic,51601,,MISSING_AUTHOR_BOUNDARY_COLUMN,False,False,,,NONE: image-space readout only
synthetic,84062,,MISSING_AUTHOR_BOUNDARY_COLUMN,False,False,,,NONE: image-space readout only
synthetic,43233,eyemap_mcns_f20240701:R:33:20,AUTHOR_PUBLISHED_COLUMN_CORRESPONDENCE,True,True,189.57045810375857,73.87223235870832,NONE: image-space readout only
synthetic,40496,eyemap_mcns_f20240701:R:33:21,AUTHOR_PUBLISHED_COLUMN_CORRESPONDENCE,True,True,191.6575028245819,51.22139651155541,NONE: image-space readout only
synthetic,27526,eyemap_mcns_f20240701:R:33:22,AUTHOR_PUBLISHED_COLUMN_CORRESPONDENCE,True,True,203.54646754255634,42.28330964862698,NONE: image-space readout only
synthetic,26706,eyemap_mcns_f20240701:R:33:23,AUTHOR_PUBLISHED_COLUMN_CORRESPONDENCE,True,True,217.4922204721927,19.58467570842589,NONE: image-space readout only
synthetic,23032,eyemap_mcns_f20240701:R:33:24,AUTHOR_PUBLISHED_COLUMN_CORRESPONDENCE,False,False,,,NONE: image-space readout only
synthetic,24846,eyemap_mcns_f20240701:R:33:25,AUTHOR_PUBLISHED_COLUMN_CORRESPONDENCE,False,False,,,NONE: image-space readout only
synthetic,26073,eyemap_mcns_f20240701:R:33:26,AUTHOR_PUBLISHED_COLUMN_CORRESPONDENCE,False,False,,,NONE: image-space readout only
synthetic,22659,eyemap_mcns_f20240701:R:33:27,AUTHOR_PUBLISHED_COLUMN_CORRESPONDENCE,False,False,,,NONE: image-space readout only
synthetic,29441,eyemap_mcns_f20240701:R:33:28,AUTHOR_PUBLISHED_COLUMN_CORRESPONDENCE,False,False,,,NONE: image-space readout only
synthetic,31799,eyemap_mcns_f20240701:R:33:29,AUTHOR_PUBLISHED_COLUMN_CORRESPONDENCE,False,False,,,NONE: image-space readout only
synthetic,26029,eyemap_mcns_f20240701:R:33:30,AUTHOR_PUBLISHED_COLUMN_CORRESPONDENCE,False,False,,,NONE: image-space readout only
synthetic,39647,eyemap_mcns_f20240701:R:33:31,AUTHOR_PUBLISHED_COLUMN_CORRESPONDENCE,False,False,,,NONE: image-space readout only
synthetic,27707,eyemap_mcns_f20240701:R:33:32,AUTHOR_PUBLISHED_COLUMN_CORRESPONDENCE,False,False,,,NONE: image-space readout only
synthetic,31026,eyemap_mcns_f20240701:R:33:33,AUTHOR_PUBLISHED_COLUMN_CORRESPONDENCE,False,False,,,NONE: image-space readout only
synthetic,29255,eyemap_mcns_f20240701:R:33:34,AUTHOR_PUBLISHED_COLUMN_CORRESPONDENCE,False,False,,,NONE: image-space readout only
synthetic,31374,eyemap_mcns_f20240701:R:33:35,AUTHOR_PUBLISHED_COLUMN_CORRESPONDENCE,False,False,,,NONE: image-space readout only
synthetic,24109,eyemap_mcns_f20240701:R:33:36,AUTHOR_PUBLISHED_COLUMN_CORRESPONDENCE,False,False,,,NONE: image-space readout only
synthetic,30490,eyemap_mcns_f20240701:R:33:37,AUTHOR_PUBLISHED_COLUMN_CORRESPONDENCE,False,False,,,NONE: image-space readout only
synthetic,66696,,MISSING_AUTHOR_BOUNDARY_COLUMN,False,False,,,NONE: image-space readout only
synthetic,60442,,MISSING_AUTHOR_BOUNDARY_COLUMN,False,False,,,NONE: image-space readout only
synthetic,54839,,MISSING_AUTHOR_BOUNDARY_COLUMN,False,False,,,NONE: image-space readout only
synthetic,43676,eyemap_mcns_f20240701:R:34:23,AUTHOR_PUBLISHED_COLUMN_CORRESPONDENCE,True,False,188.46231622364772,18.21990298239865,NONE: image-space readout only
synthetic,29834,eyemap_mcns_f20240701:R:34:24,AUTHOR_PUBLISHED_COLUMN_CORRESPONDENCE,False,False,,,NONE: image-space readout only
synthetic,29850,eyemap_mcns_f20240701:R:34:25,AUTHOR_PUBLISHED_COLUMN_CORRESPONDENCE,False,False,,,NONE: image-space readout only
synthetic,26949,eyemap_mcns_f20240701:R:34:26,AUTHOR_PUBLISHED_COLUMN_CORRESPONDENCE,False,False,,,NONE: image-space readout only
synthetic,23706,eyemap_mcns_f20240701:R:34:27,AUTHOR_PUBLISHED_COLUMN_CORRESPONDENCE,False,False,,,NONE: image-space readout only
synthetic,24530,eyemap_mcns_f20240701:R:34:28,AUTHOR_PUBLISHED_COLUMN_CORRESPONDENCE,False,False,,,NONE: image-space readout only
synthetic,19923,eyemap_mcns_f20240701:R:34:29,AUTHOR_PUBLISHED_COLUMN_CORRESPONDENCE,False,False,,,NONE: image-space readout only
synthetic,25309,eyemap_mcns_f20240701:R:34:30,AUTHOR_PUBLISHED_COLUMN_CORRESPONDENCE,False,False,,,NONE: image-space readout only
synthetic,33045,eyemap_mcns_f20240701:R:34:31,AUTHOR_PUBLISHED_COLUMN_CORRESPONDENCE,False,False,,,NONE: image-space readout only
synthetic,32643,eyemap_mcns_f20240701:R:34:32,AUTHOR_PUBLISHED_COLUMN_CORRESPONDENCE,False,False,,,NONE: image-space readout only
synthetic,21742,eyemap_mcns_f20240701:R:34:33,AUTHOR_PUBLISHED_COLUMN_CORRESPONDENCE,False,False,,,NONE: image-space readout only
synthetic,25317,eyemap_mcns_f20240701:R:34:34,AUTHOR_PUBLISHED_COLUMN_CORRESPONDENCE,False,False,,,NONE: image-space readout only
synthetic,24689,eyemap_mcns_f20240701:R:34:35,AUTHOR_PUBLISHED_COLUMN_CORRESPONDENCE,False,False,,,NONE: image-space readout only
synthetic,29512,eyemap_mcns_f20240701:R:34:36,AUTHOR_PUBLISHED_COLUMN_CORRESPONDENCE,False,False,,,NONE: image-space readout only
synthetic,34190,,MISSING_AUTHOR_BOUNDARY_COLUMN,False,False,,,NONE: image-space readout only
synthetic,45195,,MISSING_AUTHOR_BOUNDARY_COLUMN,False,False,,,NONE: image-space readout only
synthetic,50062,,MISSING_AUTHOR_BOUNDARY_COLUMN,False,False,,,NONE: image-space readout only
synthetic,51154,,MISSING_AUTHOR_BOUNDARY_COLUMN,False,False,,,NONE: image-space readout only
synthetic,38988,eyemap_mcns_f20240701:R:35:25,AUTHOR_PUBLISHED_COLUMN_CORRESPONDENCE,False,False,,,NONE: image-space readout only
synthetic,40443,eyemap_mcns_f20240701:R:35:26,AUTHOR_PUBLISHED_COLUMN_CORRESPONDENCE,False,False,,,NONE: image-space readout only
synthetic,25262,eyemap_mcns_f20240701:R:35:27,AUTHOR_PUBLISHED_COLUMN_CORRESPONDENCE,False,False,,,NONE: image-space readout only
synthetic,24413,eyemap_mcns_f20240701:R:35:28,AUTHOR_PUBLISHED_COLUMN_CORRESPONDENCE,False,False,,,NONE: image-space readout only
synthetic,24926,eyemap_mcns_f20240701:R:35:29,AUTHOR_PUBLISHED_COLUMN_CORRESPONDENCE,False,False,,,NONE: image-space readout only
synthetic,22157,eyemap_mcns_f20240701:R:35:30,AUTHOR_PUBLISHED_COLUMN_CORRESPONDENCE,False,False,,,NONE: image-space readout only
synthetic,23910,eyemap_mcns_f20240701:R:35:31,AUTHOR_PUBLISHED_COLUMN_CORRESPONDENCE,False,False,,,NONE: image-space readout only
synthetic,32746,eyemap_mcns_f20240701:R:35:32,AUTHOR_PUBLISHED_COLUMN_CORRESPONDENCE,False,False,,,NONE: image-space readout only
synthetic,56005,eyemap_mcns_f20240701:R:35:33,AUTHOR_PUBLISHED_COLUMN_CORRESPONDENCE,False,False,,,NONE: image-space readout only
synthetic,36658,eyemap_mcns_f20240701:R:35:34,AUTHOR_PUBLISHED_COLUMN_CORRESPONDENCE,False,False,,,NONE: image-space readout only
synthetic,45910,eyemap_mcns_f20240701:R:35:35,AUTHOR_PUBLISHED_COLUMN_CORRESPONDENCE,False,False,,,NONE: image-space readout only
synthetic,31465,,MISSING_AUTHOR_BOUNDARY_COLUMN,False,False,,,NONE: image-space readout only
synthetic,47665,,MISSING_AUTHOR_BOUNDARY_COLUMN,False,False,,,NONE: image-space readout only
synthetic,40139,,MISSING_AUTHOR_BOUNDARY_COLUMN,False,False,,,NONE: image-space readout only
synthetic,44460,eyemap_mcns_f20240701:R:36:28,AUTHOR_PUBLISHED_COLUMN_CORRESPONDENCE,False,False,,,NONE: image-space readout only
synthetic,37107,eyemap_mcns_f20240701:R:36:29,AUTHOR_PUBLISHED_COLUMN_CORRESPONDENCE,False,False,,,NONE: image-space readout only
synthetic,31053,eyemap_mcns_f20240701:R:36:30,AUTHOR_PUBLISHED_COLUMN_CORRESPONDENCE,False,False,,,NONE: image-space readout only
synthetic,37237,eyemap_mcns_f20240701:R:36:31,AUTHOR_PUBLISHED_COLUMN_CORRESPONDENCE,False,False,,,NONE: image-space readout only
synthetic,30487,eyemap_mcns_f20240701:R:36:32,AUTHOR_PUBLISHED_COLUMN_CORRESPONDENCE,False,False,,,NONE: image-space readout only
synthetic,33385,eyemap_mcns_f20240701:R:36:33,AUTHOR_PUBLISHED_COLUMN_CORRESPONDENCE,False,False,,,NONE: image-space readout only
synthetic,31836,,MISSING_AUTHOR_BOUNDARY_COLUMN,False,False,,,NONE: image-space readout only
synthetic,60776,,MISSING_AUTHOR_BOUNDARY_COLUMN,False,False,,,NONE: image-space readout only
