row_matlab,series_id,fly_id,roi_mask,zdepth,author_selected,search_series_id,metadata_matches,metadata_join,metadata_series_id,metadata_fly_id,direct_name_genotype_conflict,metadata_sex,dark_repeats,light_repeats,trace_rebin_max_abs_error,split_half_correlation,evaluation_role,published_reproduction_rmse,published_reproduction_r2,published_reproduction_correlation,recurrent_rmse,recurrent_r2,recurrent_correlation,feedback_free_rmse,feedback_free_r2,feedback_free_correlation,constant_rmse,constant_r2,constant_correlation,template_rmse,template_r2,template_correlation,dark_recurrent_rmse,dark_recurrent_r2,dark_recurrent_correlation,dark_observed_peak,dark_observed_peak_time_s,dark_observed_rebound,dark_observed_baseline,dark_predicted_peak,dark_predicted_peak_time_s,dark_predicted_rebound,dark_predicted_baseline,dark_peak_time_error_ms,dark_peak_amplitude_error,dark_rebound_amplitude_error,light_recurrent_rmse,light_recurrent_r2,light_recurrent_correlation,light_observed_peak,light_observed_peak_time_s,light_observed_rebound,light_observed_baseline,light_predicted_peak,light_predicted_peak_time_s,light_predicted_rebound,light_predicted_baseline,light_peak_time_error_ms,light_peak_amplitude_error,light_rebound_amplitude_error
1,170609_fly4_LDM_023,134,1,11720.72,False,170609_fly4_LDM_021,1,exact_consistent,170609_fly4_LDM_023,134,False,F,162,179,2.0816681711721685e-17,0.49901140146315903,secondary_author_excluded,0.006619269352463817,0.5518447082593172,0.7510146748878103,0.006329421467046515,0.5902334978327018,0.7786358519148971,0.0059308368770974946,0.6402172145850695,0.8238206257948582,0.009955926695053022,-0.01384555567850998,,0.006450662446516429,0.5743848738069333,0.7674264584392438,0.00699520916183281,0.33904436478729505,0.6494458603639016,0.04690700108101071,0.03333333333333333,0.00880411769254203,0.005072484886486174,0.0263654792212473,0.025,0.009189772254437909,-0.0004169642285850191,-8.333333333333332,-0.02054152185976341,0.00038565456189587795,0.005584818797170491,0.7411571801511749,0.8704484258323971,0.05727149559477857,0.03333333333333333,0.012381470019382449,0.0009982396207715294,0.04537326236980255,0.03333333333333333,0.0029045251323387674,-0.0004169642285850191,0.0,-0.011898233224976025,-0.009476944887043683
2,170609_fly4_LDM_023,134,2,11720.72,False,170609_fly4_LDM_021,1,exact_consistent,170609_fly4_LDM_023,134,False,F,162,179,2.7755575615628914e-17,0.07214549196237809,secondary_author_excluded,0.013188064602592857,0.2117691527118527,0.4647958363110365,0.013090801983545272,0.22335276158930395,0.4770412515766976,0.013162803506260581,0.2147858964324454,0.4685378403282704,0.01488506343902213,-0.004136317660115019,,0.01296338581623587,0.23839780245340025,0.49247787527339415,0.01415100560579914,-0.025856891336441867,0.19514660390736382,0.051796447543062014,0.041666666666666664,0.03289895404960452,0.004477486451251731,0.0263654792212473,0.025,0.009189772254437909,-0.0004169642285850191,-16.666666666666664,-0.025430968321814715,-0.023709181795166616,0.011936801644051347,0.4195365091977915,0.6670860148718026,0.0581182875118564,0.025,0.028288634754992888,-0.0030171610270745145,0.04537326236980255,0.03333333333333333,0.0029045251323387674,-0.0004169642285850191,8.333333333333332,-0.012745025142053855,-0.02538410962265412
3,170609_fly4_LDM_023,134,3,11720.72,True,170609_fly4_LDM_021,1,exact_consistent,170609_fly4_LDM_023,134,False,F,162,179,2.7755575615628914e-17,0.5129568611644034,primary_selected,0.006140767882053,0.5809363925977744,0.7742837291756491,0.0056210545961393465,0.6488681771491676,0.8204009430377703,0.006194404092408109,0.5735838444337762,0.7751451127042766,0.009584461914920408,-0.020869093838570274,,0.005765806356859186,0.6305508350480243,0.8078997156612353,0.006080995796314909,0.49170031132792436,0.7059541408691133,0.040000667766018,0.03333333333333333,0.013009332535265407,0.0041912847380470965,0.0263654792212473,0.025,0.009189772254437909,-0.0004169642285850191,-8.333333333333332,-0.013635188544770704,-0.003819560280827498,0.005119960905198296,0.7484580521801771,0.8932028410867647,0.048258903677025615,0.03333333333333333,0.014984618475603988,0.0028272129353765175,0.04537326236980255,0.03333333333333333,0.0029045251323387674,-0.0004169642285850191,0.0,-0.0028856413072230677,-0.012080093343265222
4,170609_fly4_LDM_023,134,4,11720.72,True,170609_fly4_LDM_021,1,exact_consistent,170609_fly4_LDM_023,134,False,F,162,179,6.938893903907228e-18,0.4471316215774628,primary_selected,0.005459199575125498,0.5307737072806055,0.7482818366105372,0.0052708198657439136,0.5625980196185458,0.7640731923996077,0.006100799386467333,0.4139996366882436,0.6643094376809835,0.00797240673097351,-0.0006985973568394144,,0.005254080485392614,0.5653718619200202,0.7674816779905581,0.00547902673837729,0.22105085580551664,0.6228864485239088,0.019770157554335657,0.025,0.012552991698339034,0.001687688515134907,0.0263654792212473,0.025,0.009189772254437909,-0.0004169642285850191,0.0,0.006595321666911642,-0.003363219443901125,0.0050540429474222005,0.6858874303651913,0.8478265659539995,0.04790287321417829,0.025,0.00345194871664164,-0.005440343658206075,0.04537326236980255,0.03333333333333333,0.0029045251323387674,-0.0004169642285850191,8.333333333333332,-0.0025296108443757445,-0.0005474235843028726
5,170609_fly4_LDM_023,134,5,11720.72,True,170609_fly4_LDM_021,1,exact_consistent,170609_fly4_LDM_023,134,False,F,162,179,2.0816681711721685e-17,0.46415061394733836,primary_selected,0.009008789603707889,0.4391792590585123,0.6653263412554881,0.008668684136791895,0.4807248549040132,0.7008019346233156,0.008682804040782484,0.47903184440765,0.7114468870913057,0.01203248921507255,-0.0004655539383300322,,0.008809110704051888,0.4637648062004147,0.6856624663377401,0.009148982625897095,0.27851325617143496,0.5419607312397349,0.044247514521865886,0.03333333333333333,0.00898935490137542,0.007430611703383376,0.0263654792212473,0.025,0.009189772254437909,-0.0004169642285850191,-8.333333333333332,-0.017882035300618587,0.00020041735306248858,0.00816016459625466,0.6149323191815079,0.808889698474121,0.04907259202793941,0.025,0.027509749412959274,0.008277030167520742,0.04537326236980255,0.03333333333333333,0.0029045251323387674,-0.0004169642285850191,8.333333333333332,-0.0036993296581368657,-0.024605224280620508
6,170609_fly4_LDM_023,134,6,11720.72,True,170609_fly4_LDM_021,1,exact_consistent,170609_fly4_LDM_023,134,False,F,162,179,1.3877787807814457e-17,0.3704437349263388,primary_selected,0.00622834636221301,0.5573543854293375,0.7507979175311049,0.0061257695544725405,0.5718144923863988,0.7606555618622954,0.006521950740351399,0.5146380993909275,0.7222409022409128,0.009392679452778985,-0.006675864932937481,,0.006071860548452785,0.5793177081870347,0.7656838605967785,0.00558722524367872,0.4436425182397794,0.6881982382401733,0.025044877653105046,0.025,0.017643284782053407,-0.0031481575266581675,0.0263654792212473,0.025,0.009189772254437909,-0.0004169642285850191,0.0,0.001320601568142253,-0.008453512527615498,0.006620650975954306,0.6308770319226341,0.798292431525134,0.060745303617729694,0.025,0.016753774628741964,-0.00396037232951276,0.04537326236980255,0.03333333333333333,0.0029045251323387674,-0.0004169642285850191,8.333333333333332,-0.015372041247927147,-0.013849249496403197
7,170609_fly4_LDM_023,134,7,11720.72,True,170609_fly4_LDM_021,1,exact_consistent,170609_fly4_LDM_023,134,False,F,162,179,2.0816681711721685e-17,0.5424048495796543,primary_selected,0.006325155025027305,0.619007388253624,0.7904742533708305,0.006093540465240838,0.646398902424374,0.8108534298152468,0.006976780317166646,0.5364631107551527,0.7385951377991088,0.010247478389625664,-1.8945097432387925e-05,,0.00616977789747672,0.6374956134667883,0.803348158329634,0.00609462089261275,0.489389290079574,0.7149248334677798,0.03906473478613383,0.03333333333333333,0.010097508431250554,0.008288033736659522,0.0263654792212473,0.025,0.009189772254437909,-0.0004169642285850191,-8.333333333333332,-0.01269925556488653,-0.0009077361768126454,0.006092459846267616,0.7155011670539831,0.8678828048368579,0.04933510225752422,0.025,0.018209225522033256,0.0009493275859148212,0.04537326236980255,0.03333333333333333,0.0029045251323387674,-0.0004169642285850191,8.333333333333332,-0.003961839887721676,-0.01530470038969449
8,170609_fly4_LDM_023,134,8,11720.72,True,170609_fly4_LDM_021,1,exact_consistent,170609_fly4_LDM_023,134,False,F,162,179,2.0816681711721685e-17,0.5822318256123631,primary_selected,0.006032307452215888,0.5318670163578934,0.7664399205996321,0.0058245800923676155,0.5635529645054627,0.7874788935682153,0.006591133783635411,0.44111486501149655,0.7060254709749306,0.009058336960171755,-0.05559967725541637,,0.0057079994896608805,0.5808493382614579,0.7984306884748299,0.005233887188946348,0.2617974780209743,0.6416523468617631,0.02492593601726818,0.03333333333333333,0.004213797426294753,0.0053397270643712885,0.0263654792212473,0.025,0.009189772254437909,-0.0004169642285850191,-8.333333333333332,0.0014395432039791198,0.004975974828143156,0.006360651806080379,0.6375044109234129,0.8648401961463309,0.048582500765846,0.025,0.01633872326669173,0.0006751545058664792,0.04537326236980255,0.03333333333333333,0.0029045251323387674,-0.0004169642285850191,8.333333333333332,-0.003209238396043451,-0.013434198134352964
9,170609_fly4_LDM_023,134,9,11720.72,True,170609_fly4_LDM_021,1,exact_consistent,170609_fly4_LDM_023,134,False,F,162,179,1.0408340855860843e-17,0.46733604684784397,primary_selected,0.004650535785103296,0.5779178218739907,0.7944792122550245,0.004359615094615739,0.6290739547939986,0.8175880321862079,0.004777343659835522,0.5545858589091625,0.7628696519541477,0.007166466884515245,-0.002308078379025247,,0.0043313035161180475,0.6338759398111555,0.8224740970834441,0.004289822051891636,0.43426520684355585,0.7398179986476227,0.017286235428853658,0.025,0.014894927376072342,-0.0035786639565533167,0.0263654792212473,0.025,0.009189772254437909,-0.0004169642285850191,0.0,0.009079243792393641,-0.005705155121634433,0.004428308289799505,0.7150101848706365,0.8573366971666116,0.034890094283556515,0.025,0.008880441471570293,0.002101323870809535,0.04537326236980255,0.03333333333333333,0.0029045251323387674,-0.0004169642285850191,8.333333333333332,0.010483168086246032,-0.005975916339231525
10,170611_fly3_LDM_013,137,1,11724.9,False,170611_fly3_LDM_012,1,exact_consistent,170611_fly3_LDM_013,137,False,F,184,158,6.938893903907228e-18,0.569835995086942,secondary_author_excluded,0.00976900013708472,0.17873816756392225,0.4735159839883215,0.009457155005649656,0.23033378560243356,0.5112128436987358,0.010988018179636365,-0.03901100357470777,0.2803236253645474,0.010801883219393236,-0.004107853528590999,,0.009317665134573317,0.252870980814622,0.5297929182196748,0.00886267174046081,-0.5434279475775936,0.47704078436977204,0.01652690721960535,0.041666666666666664,0.015380607302261273,0.005912557825933397,0.026357514699258087,0.025,0.009006054255787774,-0.0004210576740262784,-16.666666666666664,0.009830607479652736,-0.0063745530464734985,0.010016417085096152,-0.14631559541887973,0.6775522221895395,0.028147736608380228,0.025,0.020614731028060447,-0.002033517497569058,0.04584857269572232,0.03333333333333333,0.002971951182509511,-0.0004210576740262784,8.333333333333332,0.01770083608734209,-0.017642779845550936
11,170611_fly3_LDM_013,137,2,11724.9,False,170611_fly3_LDM_012,1,exact_consistent,170611_fly3_LDM_013,137,False,F,184,158,6.938893903907228e-18,0.23147874365354396,secondary_author_excluded,0.008092831162128042,0.19722744652714752,0.5268647946286498,0.0081072622999391,0.19436188557953804,0.523705424609133,0.008753178545756208,0.06087558738996535,0.4098344596298973,0.009033845342100458,-0.0003151774413285846,,0.008052663191624525,0.20517663496726268,0.533920611741578,0.007479610763122084,0.05015738521404034,0.4707879907808553,0.018905583261960936,0.016666666666666666,0.018315603615682744,0.002449180874214797,0.026357514699258087,0.025,0.009006054255787774,-0.0004210576740262784,8.333333333333336,0.007451931437297152,-0.00930954935989497,0.008689696590342839,0.16477954693090302,0.5614186612869378,0.03810885453960166,0.025,0.02127145769975748,0.004019103366280858,0.04584857269572232,0.03333333333333333,0.002971951182509511,-0.0004210576740262784,8.333333333333332,0.007739718156120658,-0.01829950651724797
12,170611_fly3_LDM_013,137,3,11724.9,True,170611_fly3_LDM_012,1,exact_consistent,170611_fly3_LDM_013,137,False,F,184,158,1.3877787807814457e-17,0.38822004068409355,primary_selected,0.006039530225483803,0.48250251138040967,0.7126110618517815,0.00551615475426932,0.5683071936111473,0.7613439921576458,0.0065028202048654175,0.4000633119082454,0.6487671205793497,0.00839631948345754,-0.00018385296584755295,,0.00549066980054356,0.5722868705800478,0.7649982028685185,0.005767351660701509,0.22528994910212463,0.6268141201530141,0.022724975574788246,0.03333333333333333,0.01723700655888533,-0.0034595236664124443,0.026357514699258087,0.025,0.009006054255787774,-0.0004210576740262784,-8.333333333333332,0.0036325391244698413,-0.008230952303097555,0.005252959296234799,0.6808260286495676,0.8533363177957187,0.042494061467037214,0.025,0.014319563870951499,-0.0003738826474866538,0.04584857269572232,0.03333333333333333,0.002971951182509511,-0.0004210576740262784,8.333333333333332,0.003354511228685103,-0.011347612688441987
13,170611_fly3_LDM_013,137,4,11724.9,True,170611_fly3_LDM_012,1,exact_consistent,170611_fly3_LDM_013,137,False,F,184,158,2.0816681711721685e-17,0.628197336127158,primary_selected,0.004408487436464022,0.7034023889981209,0.8410673473161258,0.004028703737772322,0.7523039410523031,0.8680290734416276,0.0048486613943057285,0.6412167610080235,0.8011541071524515,0.008095603219408283,-0.00020002845257893753,,0.004218379383563641,0.7284313050129738,0.8553794071869328,0.003932661835419917,0.7003106531345022,0.8371229265356889,0.02805592511942107,0.03333333333333333,0.013809734992501634,-0.002846417184925864,0.026357514699258087,0.025,0.009006054255787774,-0.0004210576740262784,-8.333333333333332,-0.0016984104201629817,-0.0048036807367138595,0.004122508763085047,0.7830339225597522,0.8868421805750571,0.044543107575208546,0.03333333333333333,0.007450770727580941,0.0007068947978102231,0.04584857269572232,0.03333333333333333,0.002971951182509511,-0.0004210576740262784,0.0,0.0013054651205137713,-0.004478819545071429
14,170611_fly3_LDM_013,137,5,11724.9,True,170611_fly3_LDM_012,1,exact_consistent,170611_fly3_LDM_013,137,False,F,184,158,6.938893903907228e-18,0.37969537791262814,primary_selected,0.005432134611965943,0.6040555922963207,0.789238962713635,0.005234443520543823,0.6323503112391651,0.8069512027713714,0.005834718082318227,0.5431928212159065,0.7491049025576624,0.008708041461050793,-0.017499355169413366,,0.0052500994109735384,0.6301477882916877,0.806172766941016,0.004796611466283401,0.570222557022881,0.7824562788210208,0.024592286499664405,0.03333333333333333,0.018296864711040813,-0.004565273084325062,0.026357514699258087,0.025,0.009006054255787774,-0.0004210576740262784,-8.333333333333332,0.0017652281995936825,-0.009290810455253038,0.0056383788788130435,0.6668415894294619,0.8214068571796135,0.04817364607582908,0.025,0.013190689084192806,-0.0050756442454760065,0.04584857269572232,0.03333333333333333,0.002971951182509511,-0.0004210576740262784,8.333333333333332,-0.0023250733801067625,-0.010218737901683294
15,170611_fly3_LDM_013,137,6,11724.9,True,170611_fly3_LDM_012,1,exact_consistent,170611_fly3_LDM_013,137,False,F,184,158,1.0408340855860843e-17,0.53743435109277,primary_selected,0.006107938075807561,0.4864006200042097,0.7212854276263241,0.005965139562456616,0.5101349468947662,0.735672217902121,0.006443415979031602,0.42843242995745023,0.6756605460287921,0.008595209591011116,-0.017063766363918376,,0.005948271384893938,0.5129015032850002,0.7388109926838723,0.005538426422675333,0.47537919063948686,0.7094011124007379,0.026394835165168103,0.03333333333333333,0.013828342767571831,-0.0010700734019726374,0.026357514699258087,0.025,0.009006054255787774,-0.0004210576740262784,-8.333333333333332,-3.732046591001584e-05,-0.004822288511784057,0.006363302032732842,0.5300845135427488,0.7512238164926376,0.03800974029478353,0.025,0.028402477941219445,0.011722779474238752,0.04584857269572232,0.03333333333333333,0.002971951182509511,-0.0004210576740262784,8.333333333333332,0.007838832400938786,-0.025430526758709934
16,170611_fly4_LDM_023,138,1,11721.76,False,170611_fly4_LDM_021,1,exact_consistent,170611_fly4_LDM_023,138,False,F,159,187,5.204170427930421e-18,0.22951289765343563,secondary_author_excluded,0.009586275221867962,-1.639983959105754,-0.03983172986315845,0.00988605734077339,-1.807680924690768,-0.06232557156056973,0.008876717546610667,-1.2636344941546764,0.04210099017580488,0.005916747160417313,-0.005697853609431647,,0.009915119451247408,-1.8242127060102629,-0.05180563468148633,0.009474035143205784,-2.0120464541562892,-0.12828092666982083,0.011384586420713598,0.05,0.008430527893977122,0.0024313396053222977,0.026906839137953404,0.03333333333333333,0.009606693633734708,-0.000560293187949514,-16.66666666666667,0.015522252717239806,0.0011761657397575866,0.010281581473461202,-2.55666696955895,0.035783495653113055,0.007649185709413567,0.041666666666666664,0.011176303369015508,0.000861874402518691,0.04796035825705658,0.03333333333333333,0.00293169453951738,-0.000560293187949514,-8.333333333333332,0.040311172547643014,-0.008244608829498127
17,170611_fly4_LDM_023,138,2,11721.76,False,170611_fly4_LDM_021,1,exact_consistent,170611_fly4_LDM_023,138,False,F,159,187,1.0408340855860843e-17,0.03229645683817743,secondary_author_excluded,0.013044977836823403,-0.720788853573328,-0.06564659175396452,0.013209807875154616,-0.7645497017248613,-0.06311189118468949,0.012479924611640237,-0.5749429141609208,-0.005187375675607992,0.010384530002055378,-0.09047216364533317,,0.013194089500959915,-0.760352918351719,-0.05006794680593031,0.013946559099846769,-0.7437669880032367,-0.1320734662322079,0.006531290346645663,0.041666666666666664,0.01814633221221601,0.00039765870975930716,0.026906839137953404,0.03333333333333333,0.009606693633734708,-0.000560293187949514,-8.333333333333332,0.020375548791307742,-0.008539638578481301,0.012429462477173945,-0.8774518515869125,0.014051961629394613,0.013034228127089447,0.075,0.01793645782017758,-0.0014890778363438495,0.04796035825705658,0.03333333333333333,0.00293169453951738,-0.000560293187949514,-41.666666666666664,0.034926130129967134,-0.0150047632806602
18,170611_fly4_LDM_023,138,3,11721.76,False,170611_fly4_LDM_021,1,exact_consistent,170611_fly4_LDM_023,138,False,F,159,187,1.734723475976807e-18,0.14693240800496296,secondary_author_excluded,0.008159065298163199,-2.400135284783483,0.1284152773394224,0.008296933449661025,-2.5160139750116803,0.14993588556783252,0.00807419576898946,-2.3297676513363377,0.06105934340915445,0.004658725767194391,-0.10853567167739753,,0.008294696376157514,-2.514118209217154,0.17006561026216896,0.007872426539033955,-2.3488979338760987,-0.051214278142757995,0.008905890350205035,0.06666666666666667,0.005413816265348319,0.004503723780188407,0.026906839137953404,0.03333333333333333,0.009606693633734708,-0.000560293187949514,-33.333333333333336,0.01800094878774837,0.004192877368386389,0.008700753399776474,-3.405718669101663,0.2754746058060622,0.00973225141623227,0.041666666666666664,0.008983042459935704,-0.0011164238223490737,0.04796035825705658,0.03333333333333333,0.00293169453951738,-0.000560293187949514,-8.333333333333332,0.03822810684082431,-0.006051347920418324
19,170611_fly4_LDM_023,138,4,11721.76,False,170611_fly4_LDM_021,1,exact_consistent,170611_fly4_LDM_023,138,False,F,159,187,1.0408340855860843e-17,0.091632446524835,secondary_author_excluded,0.010037144370569179,-0.9394449671592806,0.046899921904949064,0.010052757876232393,-0.9454835547138198,0.07693183760877854,0.010173599263425558,-0.9925368986005585,-0.04063763013071041,0.007230239115351467,-0.0063810247259363795,,0.009973505176247024,-0.9149293416965383,0.1035373367149739,0.009726557027859592,-0.769362807089661,0.01711670460485775,0.012378109771165602,0.075,0.01386413493072659,0.00521409918909927,0.026906839137953404,0.03333333333333333,0.009606693633734708,-0.000560293187949514,-41.666666666666664,0.014528729366787802,-0.0042574412969918814,0.010368701472223994,-2.115010573364921,0.08102094648219925,0.008536219836098376,0.06666666666666667,0.01527614150377205,-0.00023094079947107995,0.04796035825705658,0.03333333333333333,0.00293169453951738,-0.000560293187949514,-33.333333333333336,0.0394241384209582,-0.012344446964254671
20,170611_fly4_LDM_023,138,5,11721.76,False,170611_fly4_LDM_021,1,exact_consistent,170611_fly4_LDM_023,138,False,F,159,187,6.938893903907228e-18,0.030265928981894948,secondary_author_excluded,0.010575127664879959,-0.4095179689558277,0.1701060578866755,0.010572203563608508,-0.4087385923671094,0.19415365212941244,0.010821765656512054,-0.4760315109405924,0.08861833909256792,0.008986412243471464,-0.017822516000040034,,0.01058180907442925,-0.4112996102078512,0.20089891172753238,0.009515892347311934,-0.1461680007386601,0.259814972835263,0.014040305223498702,0.03333333333333333,0.019008551940763133,0.0012447070566568678,0.026906839137953404,0.03333333333333333,0.009606693633734708,-0.000560293187949514,0.0,0.012866533914454702,-0.009401858307028424,0.011532162382446887,-1.025858709957157,0.11850673183688354,0.00881724111186001,0.0,0.021179848325823158,-0.00014359571344801317,0.04796035825705658,0.03333333333333333,0.00293169453951738,-0.000560293187949514,33.333333333333336,0.03914311714519657,-0.018248153786305777
21,170611_fly4_LDM_023,138,6,11721.76,False,170611_fly4_LDM_021,1,exact_consistent,170611_fly4_LDM_023,138,False,F,159,187,6.938893903907228e-18,0.03678066837949567,secondary_author_excluded,0.009623902817791906,-1.3508299439970908,0.008588387872277977,0.009920445567173235,-1.4979348854592094,-0.01257516018039296,0.009084220455472332,-1.0945661780532552,0.05488271937732637,0.0063289231456654564,-0.016666234692450876,,0.010013997439543563,-1.5452691186188128,-0.01668380240286874,0.009608706863820345,-1.4001716663163601,-0.01610925097031773,0.007230921197058935,0.041666666666666664,0.022088645683064158,-0.003059658475604684,0.026906839137953404,0.03333333333333333,0.009606693633734708,-0.000560293187949514,-8.333333333333332,0.019675917940894468,-0.01248195204932945,0.0102226822755902,-2.3179942905969266,0.04275478429027629,0.007824626505614855,0.06666666666666667,0.010399242806004428,0.002133696434842316,0.04796035825705658,0.03333333333333333,0.00293169453951738,-0.000560293187949514,-33.333333333333336,0.04013573175144172,-0.007467548266487048
22,170611_fly4_LDM_023,138,9,11721.76,False,170611_fly4_LDM_021,1,exact_consistent,170611_fly4_LDM_023,138,False,F,159,187,5.204170427930421e-18,0.013450651469910977,secondary_author_excluded,0.007115657479326946,-1.1868563705698754,0.3898579481419703,0.007445100663419935,-1.3940396513431854,0.3656226893102253,0.007127528066369081,-1.1941588361672277,0.32162859476638106,0.0049865248692177195,-0.07395521089192103,,0.007489272050472257,-1.4225313415547345,0.3718336548488037,0.007547843354058059,-1.185715072424263,0.16980796516907798,0.014634286087526038,0.016666666666666666,0.004187429513198409,0.006350025327499807,0.026906839137953404,0.03333333333333333,0.009606693633734708,-0.000560293187949514,16.666666666666668,0.012272553050427366,0.0054192641205363,0.007340920138478111,-1.7585821597204392,0.5378153888888874,0.012615526304750322,0.025,0.006791022321198867,0.0007490347533060881,0.04796035825705658,0.03333333333333333,0.00293169453951738,-0.000560293187949514,8.333333333333332,0.035344831952306255,-0.003859327781681487
23,170611_fly4_LDM_023,138,10,11721.76,False,170611_fly4_LDM_021,1,exact_consistent,170611_fly4_LDM_023,138,False,F,159,187,3.469446951953614e-18,0.11792847905978278,secondary_author_excluded,0.00865026319982913,-0.5763040081806114,0.2626423529407722,0.008672303987776615,-0.5843470570393505,0.28678357119699205,0.008345924827273513,-0.46733836741018586,0.26901658866971045,0.006922513410798705,-0.009506100342540291,,0.00862694295960423,-0.5678163501884799,0.3044289888015694,0.008877823813228618,-0.695157109158016,0.09564629995959008,0.007070949951766625,0.03333333333333333,0.01272619358879271,-0.0012693447685928816,0.026906839137953404,0.03333333333333333,0.009606693633734708,-0.000560293187949514,0.0,0.01983588918618678,-0.003119499955058001,0.008461793973743588,-0.5001689026836291,0.42226685780072615,0.01132224620839381,0.03333333333333333,0.018042559605816764,0.005515464782672622,0.04796035825705658,0.03333333333333333,0.00293169453951738,-0.000560293187949514,0.0,0.03663811204866277,-0.015110865066299384
24,170611_fly4_LDM_023,138,11,11721.76,False,170611_fly4_LDM_021,1,exact_consistent,170611_fly4_LDM_023,138,False,F,159,187,8.673617379884035e-18,0.03853908949407888,secondary_author_excluded,0.009892805013800486,-1.2392456753451193,0.02634672199154441,0.009931045400721497,-1.2565906286684854,0.05897712336627812,0.00931216997814468,-0.9841049244730253,0.08628391852771071,0.006881369376015122,-0.08345926172234708,,0.009929506252745296,-1.2558912143344054,0.07289486947787581,0.01068252075240486,-1.0399570067275437,-0.13028217418679097,0.012990165549478835,0.058333333333333334,-0.0029003661709026997,0.010842820940324668,0.026906839137953404,0.03333333333333333,0.009606693633734708,-0.000560293187949514,-25.0,0.013916673588474569,0.012507059804637408,0.009117843817308055,-1.644839186019893,0.2475372700041569,0.008462002252926454,0.025,0.013912463226921854,0.0006524345800629115,0.04796035825705658,0.03333333333333333,0.00293169453951738,-0.000560293187949514,8.333333333333332,0.039498356004130125,-0.010980768687404475
25,170611_fly4_LDM_023,138,12,11721.76,False,170611_fly4_LDM_021,1,exact_consistent,170611_fly4_LDM_023,138,False,F,159,187,6.938893903907228e-18,-0.00791177306557574,secondary_author_excluded,0.009434441484894217,-0.9218966531024668,0.11810382582299103,0.009564170892757552,-0.9751145806515342,0.12812075070561912,0.008871973557177436,-0.6995663253338564,0.1708954398207353,0.006891375803642559,-0.025438236765161992,,0.009646711864460141,-1.0093530655946017,0.12525970348703563,0.010555768776033066,-0.9848037787105504,-0.09351330674651125,0.012913119686277966,0.016666666666666666,0.01104724350289496,0.005234861675921906,0.026906839137953404,0.03333333333333333,0.009606693633734708,-0.000560293187949514,16.666666666666668,0.013993719451675438,-0.0014405498691602518,0.008457096149309581,-1.0323194367241415,0.3662708720945857,0.012547062962020458,0.025,0.016438407719586212,0.005438931622694896,0.04796035825705658,0.03333333333333333,0.00293169453951738,-0.000560293187949514,8.333333333333332,0.03541329529503612,-0.013506713180068831
26,170611_fly4_LDM_023,138,13,11721.76,False,170611_fly4_LDM_021,1,exact_consistent,170611_fly4_LDM_023,138,False,F,159,187,1.3877787807814457e-17,0.14074416005539825,secondary_author_excluded,0.010005307078072699,-0.6317345216623294,0.14396620812096558,0.010167232867591516,-0.6849778583715156,0.14536394123710997,0.010138767052295966,-0.675555997991399,0.07274187123718061,0.007963802462821135,-0.03378354533110506,,0.010140618587122107,-0.6761680316917471,0.1601744378688738,0.009582076653936868,-0.6679566694603132,0.041200291661477234,0.0061351728764903486,0.025,0.007099132207179335,0.004388760944396803,0.026906839137953404,0.03333333333333333,0.009606693633734708,-0.000560293187949514,8.333333333333332,0.020771666261463054,0.0025075614265553737,0.010720496973822826,-0.7917552111751904,0.19858882748619688,0.008973866776237464,0.0,0.014846202953911827,0.0015979278802619652,0.04796035825705658,0.03333333333333333,0.00293169453951738,-0.000560293187949514,33.333333333333336,0.03898649148081912,-0.011914508414394447
27,170611_fly4_LDM_028,138,1,11731.19,False,170611_fly4_LDM_027,1,exact_consistent,170611_fly4_LDM_028,138,False,F,163,180,5.204170427930421e-18,0.05436300187049121,secondary_author_excluded,0.008119397932053738,-0.8981724540639997,0.2882629053110749,0.008260744254172234,-0.9648362735818978,0.2984991071192181,0.007504307834380771,-0.6214714085353554,0.35268364172558325,0.0061378103743380385,-0.08471325477032199,,0.008270907426988112,-0.9696739138418065,0.30901105095274434,0.008432109638017328,-1.157796422242554,0.28592745551021864,0.015540994794784475,0.03333333333333333,0.005182045628029819,0.001233538621264612,0.026906839137953404,0.03333333333333333,0.009606693633734708,-0.000560293187949514,0.0,0.011365844343168929,0.0044246480057048895,0.008085747851506033,-1.2943048166067213,0.40873893268081257,0.018420894902265412,0.03333333333333333,0.007670055463465525,-0.0009398666264906516,0.04796035825705658,0.03333333333333333,0.00293169453951738,-0.000560293187949514,0.0,0.029539463354791167,-0.004738360923948145
28,170611_fly4_LDM_028,138,2,11731.19,False,170611_fly4_LDM_027,1,exact_consistent,170611_fly4_LDM_028,138,False,F,163,180,6.938893903907228e-18,0.46330609330599226,secondary_author_excluded,0.005936935877590448,0.2922225854000283,0.6821242593578657,0.005662472965296729,0.35615064269945473,0.7278893080200552,0.0057859194199434815,0.32777177187681217,0.6836797827150343,0.007250484732080439,-0.055616252586514925,,0.005474886487975437,0.3981029400133185,0.7515748461729015,0.005932109071364378,0.32915106530812266,0.6713101212671504,0.03094748232502703,0.03333333333333333,0.007050500856981849,0.0023623061427434913,0.026906839137953404,0.03333333333333333,0.009606693633734708,-0.000560293187949514,0.0,-0.0040406431870736274,0.0025561927767528596,0.005379338447325019,0.3847478079986494,0.7926904317778267,0.03948773816152272,0.025,0.005353910913130098,-0.004671845848148695,0.04796035825705658,0.03333333333333333,0.00293169453951738,-0.000560293187949514,8.333333333333332,0.008472620095533859,-0.0024222163736127185
29,170611_fly4_LDM_028,138,3,11731.19,False,170611_fly4_LDM_027,1,exact_consistent,170611_fly4_LDM_028,138,False,F,163,180,6.938893903907228e-18,0.236975449366242,secondary_author_excluded,0.006801460368175312,-0.2871062925127943,0.5154915576294067,0.006910185317798766,-0.32858534884808055,0.5266917093597413,0.005801783806170606,0.06344528856097464,0.6296795346625652,0.006191127443715395,-0.0664722464361922,,0.006948802090445397,-0.3434761322124298,0.5301130707422294,0.006900276275108734,-0.28242204846828756,0.6135328907908205,0.02241176688890902,0.03333333333333333,0.012611041231014286,-0.0027625523832494124,0.026906839137953404,0.03333333333333333,0.009606693633734708,-0.000560293187949514,0.0,0.004495072249044385,-0.0030043475972795775,0.006920080171487523,-0.8129651130844546,0.6042828276947717,0.014293129650607937,0.03333333333333333,0.011848700860307516,0.004262424903318701,0.04796035825705658,0.03333333333333333,0.00293169453951738,-0.000560293187949514,0.0,0.03366722860644864,-0.008917006320790136
30,170611_fly4_LDM_028,138,4,11731.19,True,170611_fly4_LDM_027,1,exact_consistent,170611_fly4_LDM_028,138,False,F,163,180,1.0408340855860843e-17,0.34962675697974466,primary_selected,0.00545201050801572,-0.9454577535315951,0.6951304825002421,0.005563707014203085,-1.0259883313908031,0.7170925000532261,0.00498219941896974,-0.6246157133186656,0.7177951422030404,0.004021639906339051,-0.05855834288790418,,0.00564429422688009,-1.0851040184035714,0.717342221539464,0.004845138298236466,-0.696422041953318,0.7587573098786378,0.014715660292176136,0.03333333333333333,0.006736877012663414,-0.0024740540983861003,0.026906839137953404,0.03333333333333333,0.009606693633734708,-0.000560293187949514,0.0,0.012191178845777268,0.002869816621071294,0.006199540817733799,-1.4552863962446088,0.7496824132321827,0.01803535063539447,0.03333333333333333,0.004427462418946131,0.0005115788112847949,0.04796035825705658,0.03333333333333333,0.00293169453951738,-0.000560293187949514,0.0,0.02992500762166211,-0.0014957678794287515
31,170611_fly4_LDM_028,138,5,11731.19,False,170611_fly4_LDM_027,1,exact_consistent,170611_fly4_LDM_028,138,False,F,163,180,6.938893903907228e-18,0.1909820308568578,secondary_author_excluded,0.007909587698486329,-0.32173750917378596,0.4174151812126164,0.008248005281690736,-0.4372601496460564,0.39127136934345147,0.007387502961297184,-0.15300943051864957,0.4674796309502739,0.007180994711176983,-0.08944858013340862,,0.008286696024883975,-0.450775924522119,0.39409798897090204,0.009050884574873115,-0.9272735936048713,0.33819047848003664,0.013317235664068262,0.03333333333333333,0.007073759643220617,-0.0006439396325948126,0.026906839137953404,0.03333333333333333,0.009606693633734708,-0.000560293187949514,0.0,0.013589603473885142,0.002532933990514091,0.007358034429514478,-0.3784554550180754,0.5567483116087993,0.025428388192530165,0.025,0.004982978938444622,-0.004749221533169285,0.04796035825705658,0.03333333333333333,0.00293169453951738,-0.000560293187949514,8.333333333333332,0.022531970064526414,-0.0020512843989272424
32,170611_fly4_LDM_028,138,6,11731.19,True,170611_fly4_LDM_027,1,exact_consistent,170611_fly4_LDM_028,138,False,F,163,180,6.938893903907228e-18,0.2278751853706215,primary_selected,0.006964483352014002,-0.2697681199157973,0.5139905614790845,0.00713037168845293,-0.33097821801869753,0.5164410398896409,0.006604508993306207,-0.14189897115685723,0.5360251368742791,0.006476111505595848,-0.09793150054653688,,0.007261168005344173,-0.3802557994807334,0.5054489124372493,0.006862487614635005,-0.28545428777261583,0.5044195341048311,0.019461876716468637,0.025,0.011640385869000638,0.0007445769830191418,0.026906839137953404,0.03333333333333333,0.009606693633734708,-0.000560293187949514,8.333333333333332,0.007444962421484767,-0.00203369223526593,0.0073885495579283575,-0.3868619244067162,0.5484185806566777,0.023345617026606313,0.025,0.010254220370638565,0.001020101920667917,0.04796035825705658,0.03333333333333333,0.00293169453951738,-0.000560293187949514,8.333333333333332,0.024614741230450266,-0.007322525831121185
33,170611_fly4_LDM_028,138,7,11731.19,True,170611_fly4_LDM_027,1,exact_consistent,170611_fly4_LDM_028,138,False,F,163,180,6.938893903907228e-18,0.30660908888757377,primary_selected,0.0057652864215578595,0.07080784778222582,0.6591388826098722,0.00607213509432991,-0.030734013242565972,0.6416891748035243,0.005237720158060995,0.23308304493118104,0.699738542852454,0.006143137944382745,-0.05498015932973854,,0.006291589547640666,-0.10658434408193274,0.6199174870947881,0.006206188023995217,-0.25143583863611774,0.6172331183269907,0.020783057750679505,0.03333333333333333,0.011913929364663588,-0.003008484304328888,0.026906839137953404,0.03333333333333333,0.009606693633734708,-0.000560293187949514,0.0,0.006123781387273899,-0.0023072357309288794,0.005935055131875706,0.05880599595634295,0.7239855601746884,0.030715919443959655,0.025,0.005838806798458037,-0.0017727810853173287,0.04796035825705658,0.03333333333333333,0.00293169453951738,-0.000560293187949514,8.333333333333332,0.017244438813096924,-0.002907112258940657
34,170611_fly5_LDM_032,139,1,11707.57,True,170611_fly5_LDM_030,1,exact_consistent,170611_fly5_LDM_032,139,False,F,171,169,1.3877787807814457e-17,0.6188684116214634,primary_selected,0.006065379585506901,0.6683044661547839,0.8330038024590695,0.005712695625106626,0.7057572139217301,0.8664167300253363,0.006912541448031313,0.5691767324428033,0.7757706531262428,0.010566594606317344,-0.006685342097056068,,0.005782220883711538,0.6985515817684878,0.8586845788485375,0.005543757959649202,0.6341695525983362,0.8288185308473488,0.033096102666621253,0.025,0.02174003651925533,-0.00696197411176257,0.026066064289569126,0.03333333333333333,0.00870167641284416,-0.0002811959484402707,8.333333333333332,-0.007030038377052128,-0.01303836010641117,0.005876778904727563,0.7217830219925436,0.9141250129182503,0.0566856136004026,0.025,0.009951316949671947,-0.004177476329688999,0.044609221135854145,0.03333333333333333,0.003135576031311202,-0.0002811959484402707,8.333333333333332,-0.012076392464548454,-0.006815740918360745
35,170611_fly5_LDM_032,139,2,11707.57,True,170611_fly5_LDM_030,1,exact_consistent,170611_fly5_LDM_032,139,False,F,171,169,1.3877787807814457e-17,0.35271809567554185,primary_selected,0.010512761385114333,0.4441624412345627,0.6913712326641549,0.010204589679828884,0.47627251196520004,0.730000336309067,0.011138634201709047,0.37600924006798986,0.6436593027178367,0.014130451168939392,-0.004214140384984466,,0.010151101198423166,0.4817484735181501,0.7325270962994851,0.009449488995824023,0.4233411083680805,0.7180923898201157,0.040622471921512825,0.025,0.03100499922507755,-0.006416587965960919,0.026066064289569126,0.03333333333333333,0.00870167641284416,-0.0002811959484402707,8.333333333333332,-0.014556407631943699,-0.02230332281223339,0.010907541372148949,0.4486084075902469,0.758363012055959,0.07185152267595284,0.03333333333333333,0.01686167335371172,-0.006331474330652104,0.044609221135854145,0.03333333333333333,0.003135576031311202,-0.0002811959484402707,0.0,-0.02724230154009869,-0.013726097322400519
36,170611_fly5_LDM_032,139,3,11707.57,True,170611_fly5_LDM_030,1,exact_consistent,170611_fly5_LDM_032,139,False,F,171,169,2.0816681711721685e-17,0.7033292180529911,primary_selected,0.00698661028225315,0.6357737198587261,0.8256072537752177,0.006722868488873736,0.6627534834178118,0.8548587751383278,0.008229259426116698,0.4946878413577468,0.7292860649078908,0.011624127301805572,-0.008228468282501789,,0.006686447599103679,0.6663976265007402,0.8547502818172208,0.007221774843467968,0.4378557632326323,0.8236370521004736,0.04079728433492229,0.025,0.020581102553569073,0.0017136934783725025,0.026066064289569126,0.03333333333333333,0.00870167641284416,-0.0002811959484402707,8.333333333333332,-0.014731220045353162,-0.011879426140724913,0.006183841002777807,0.7422635991207001,0.9184059280766742,0.056004941835427285,0.03333333333333333,0.01433302276593924,0.0006487205155923228,0.044609221135854145,0.03333333333333333,0.003135576031311202,-0.0002811959484402707,0.0,-0.01139572069957314,-0.011197446734628039
37,170611_fly5_LDM_032,139,5,11707.57,True,170611_fly5_LDM_030,1,exact_consistent,170611_fly5_LDM_032,139,False,F,171,169,2.7755575615628914e-17,0.4610860113815567,primary_selected,0.010134566851882515,0.4928326703490402,0.7429016657473747,0.010061327466810068,0.5001364668569817,0.7586056776917407,0.011373816427324402,0.36121705098259127,0.6317861777472454,0.014277964129176831,-0.006638320786770402,,0.009921371226827205,0.5139462637860855,0.7690478908666336,0.010133747455902975,0.3292928650691075,0.749652625747544,0.04423507640522684,0.03333333333333333,0.023491768349861532,3.331884961729889e-05,0.026066064289569126,0.03333333333333333,0.00870167641284416,-0.0002811959484402707,0.0,-0.018169012115657718,-0.014790091937017372,0.009988382416024798,0.5384143078947002,0.7968325391794527,0.07612997197373908,0.025,0.01377132413571038,-0.008336466394200518,0.044609221135854145,0.03333333333333333,0.003135576031311202,-0.0002811959484402707,8.333333333333332,-0.031520750837884935,-0.010635748104399177
38,170611_fly5_LDM_032,139,6,11707.57,True,170611_fly5_LDM_030,1,exact_consistent,170611_fly5_LDM_032,139,False,F,171,169,2.7755575615628914e-17,0.4293840000230489,primary_selected,0.010491553178098927,0.484548578767968,0.7503011629400083,0.010684842477001789,0.46538096620619485,0.7394891316729406,0.011776681194132166,0.35053761087788105,0.6351325219350904,0.014729146045767475,-0.015928878693164172,,0.01071982907460166,0.46187410605646273,0.7326970268897023,0.010799609590967254,0.251912930093399,0.6598799989139729,0.045972398860942176,0.025,0.025452613909882342,0.004037719805780767,0.026066064289569126,0.03333333333333333,0.00870167641284416,-0.0002811959484402707,8.333333333333332,-0.01990633457137305,-0.016750937497038182,0.010568829178266225,0.5492248553987438,0.7999915737669417,0.08796930485983842,0.025,0.008449928266416658,-0.01310740459492821,0.044609221135854145,0.03333333333333333,0.003135576031311202,-0.0002811959484402707,8.333333333333332,-0.043360083723984276,-0.005314352235105456
39,170611_fly5_LDM_032,139,7,11707.57,True,170611_fly5_LDM_030,1,exact_consistent,170611_fly5_LDM_032,139,False,F,171,169,2.7755575615628914e-17,0.5406862854463067,primary_selected,0.009341315701359279,0.5421571204546427,0.7818381835253154,0.009138641895444695,0.5618087676198271,0.8102318209962327,0.01043744505012757,0.4284045424627777,0.6972396169356251,0.013843988433436863,-0.005594339868352893,,0.00907013069933886,0.5683542639925534,0.8127963316444118,0.00984694933941379,0.3628105309273665,0.7531495349563248,0.054633866312627795,0.025,0.015733714599223483,0.005255698630673766,0.026066064289569126,0.03333333333333333,0.00870167641284416,-0.0002811959484402707,8.333333333333332,-0.02856780202305867,-0.007032038186379323,0.008370611691708817,0.6480614104611113,0.8810580377345197,0.06714158110577594,0.03333333333333333,0.023018965010543707,-0.004411266375336556,0.044609221135854145,0.03333333333333333,0.003135576031311202,-0.0002811959484402707,0.0,-0.02253235996992179,-0.019883388979232506
40,170611_fly5_LDM_032,139,8,11707.57,True,170611_fly5_LDM_030,1,exact_consistent,170611_fly5_LDM_032,139,False,F,171,169,1.3877787807814457e-17,0.5823152486559181,primary_selected,0.005738839639759644,0.661224831652927,0.822909935886355,0.005755297899636473,0.6592789174134523,0.8250574798848537,0.006641101800608966,0.5463262346803158,0.7517028517198656,0.009907373636086672,-0.009672376301980368,,0.005797933293811551,0.6542120780301595,0.8202464757553527,0.005432319571215969,0.61655789783395,0.7963930268455209,0.043674049092221764,0.025,0.012881565213517384,0.0008696617240637598,0.026066064289569126,0.03333333333333333,0.00870167641284416,-0.0002811959484402707,8.333333333333332,-0.01760798480265264,-0.0041798888006732236,0.006061089993004886,0.6654545494938714,0.8550405260877953,0.058401710036999795,0.025,0.008307381038974132,-0.0044244620982255385,0.044609221135854145,0.03333333333333333,0.003135576031311202,-0.0002811959484402707,8.333333333333332,-0.01379248890114565,-0.00517180500766293
41,170611_fly5_LDM_035,139,1,11714.94,False,170611_fly5_LDM_033,1,exact_consistent,170611_fly5_LDM_035,139,False,F,183,160,6.938893903907228e-18,0.39618447452680006,secondary_author_excluded,0.006157519163159588,0.2108370708682369,0.6451476165278561,0.005708513374858441,0.3217322346020909,0.6858508794433366,0.006225852155779731,0.19322443045809545,0.5904493874138486,0.0070600314208328525,-0.03745292549430013,,0.005698709376110848,0.32405999513880923,0.6912961738930028,0.005509552962245516,0.21771343715295144,0.6019587712790287,0.031593323437999206,0.03333333333333333,0.009557845779970318,0.005896610534231796,0.026066064289569126,0.03333333333333333,0.00870167641284416,-0.0002811959484402707,0.0,-0.00552725914843008,-0.000856169367126158,0.005900769107335678,0.2042646934605108,0.805880194724853,0.028968927240766315,0.03333333333333333,0.011432869860474175,-0.0019257707902478574,0.044609221135854145,0.03333333333333333,0.003135576031311202,-0.0002811959484402707,0.0,0.01564029389508783,-0.008297293829162972
42,170611_fly5_LDM_035,139,2,11714.94,False,170611_fly5_LDM_033,1,exact_consistent,170611_fly5_LDM_035,139,False,F,183,160,5.204170427930421e-18,0.5981386395276225,secondary_author_excluded,0.006859429952319799,0.538731625756622,0.751338962624947,0.006476283406225743,0.5888225211904369,0.7888112323209057,0.0078078982765428274,0.4023513794208232,0.6541855625841103,0.0102273849647957,-0.02543192663523941,,0.006319479991307348,0.6084922941033863,0.8016131097232141,0.005534987882021734,0.48744540423551264,0.728535339954162,0.02764526452853471,0.025,0.013841814050284142,0.0014970100888356342,0.026066064289569126,0.03333333333333333,0.00870167641284416,-0.0002811959484402707,8.333333333333332,-0.0015792002389655828,-0.005140137637439982,0.007297150311003769,0.5495749716463283,0.8736709969137023,0.05405967362029111,0.03333333333333333,0.007255451539847527,-0.008853338418424173,0.044609221135854145,0.03333333333333333,0.003135576031311202,-0.0002811959484402707,0.0,-0.009450452484436968,-0.004119875508536325
43,170611_fly5_LDM_035,139,3,11714.94,False,170611_fly5_LDM_033,1,exact_consistent,170611_fly5_LDM_035,139,False,F,183,160,2.7755575615628914e-17,0.597543709388836,secondary_author_excluded,0.007457308617726594,0.5722243907262783,0.8185637125000582,0.007534278477942919,0.5633483334621077,0.8185456929332889,0.00841388361723891,0.45544119280307405,0.7440770792562612,0.01177821297853348,-0.06711344474165148,,0.007452856813309774,0.5727349783968669,0.8235449672657733,0.006874753855094687,0.5096114229294562,0.7309976384790662,0.04139076336033837,0.025,0.008977956415243415,0.0037757932028235656,0.026066064289569126,0.03333333333333333,0.00870167641284416,-0.0002811959484402707,8.333333333333332,-0.015324699070769242,-0.0002762800023992547,0.00814054444114449,0.5638602023179888,0.8832751163678614,0.05263086493196352,0.025,0.018641728163526522,0.0007474105741674068,0.044609221135854145,0.03333333333333333,0.003135576031311202,-0.0002811959484402707,8.333333333333332,-0.008021643796109375,-0.01550615213221532
44,170611_fly5_LDM_035,139,4,11714.94,True,170611_fly5_LDM_033,1,exact_consistent,170611_fly5_LDM_035,139,False,F,183,160,2.0816681711721685e-17,0.6925238583752724,primary_selected,0.005461325548549698,0.706588817009749,0.8504899737352477,0.005489925476472812,0.7035076928173749,0.8531358503238237,0.006711727263480658,0.5568516548030217,0.7555488181714703,0.010087933794062259,-0.0011173270110780287,,0.005499837202710884,0.7024361287457934,0.8505028566667555,0.005546942560583542,0.5538425930073061,0.8184500007355379,0.03370470754598835,0.025,0.011973813782159183,0.0019860871368295803,0.026066064289569126,0.03333333333333333,0.00870167641284416,-0.0002811959484402707,8.333333333333332,-0.007638643256419227,-0.0032721373693150226,0.005432309978640519,0.7515680785678839,0.9027389619219273,0.04431610620224925,0.03333333333333333,0.018444408258812092,0.006263133086956032,0.044609221135854145,0.03333333333333333,0.003135576031311202,-0.0002811959484402707,0.0,0.0002931149336048919,-0.015308832227500891
45,170611_fly5_LDM_035,139,5,11714.94,True,170611_fly5_LDM_033,1,exact_consistent,170611_fly5_LDM_035,139,False,F,183,160,2.7755575615628914e-17,0.541102311445672,primary_selected,0.006603671630437851,0.6311237504098708,0.8058163267260972,0.006412994809778825,0.6521183420703983,0.8270892848463408,0.00781669807093778,0.48315963013433283,0.7038988595082821,0.010875783579564455,-0.0005317345257431771,,0.0063604222385035365,0.6577987047415519,0.8292056836190642,0.006242943338634884,0.49882178970363655,0.7816624548135026,0.03577233889706181,0.025,0.01683092602514851,8.482004233395355e-05,0.026066064289569126,0.03333333333333333,0.00870167641284416,-0.0002811959484402707,8.333333333333332,-0.009706274607492682,-0.008129249612304351,0.00657865209074736,0.6929820769657837,0.8792281394176729,0.05884138996492302,0.025,0.01500325915656139,8.018816625280723e-05,0.044609221135854145,0.03333333333333333,0.003135576031311202,-0.0002811959484402707,8.333333333333332,-0.014232168829068872,-0.011867683125250189
46,170611_fly5_LDM_035,139,6,11714.94,True,170611_fly5_LDM_033,1,exact_consistent,170611_fly5_LDM_035,139,False,F,183,160,2.7755575615628914e-17,0.5476916997481579,primary_selected,0.007184294120723114,0.6110141134651558,0.8011815399120135,0.007059328024492651,0.6244287306647351,0.8185330722184724,0.008134092689675534,0.5013637237854203,0.730154611519857,0.01153904043195254,-0.003471464005089908,,0.007082627965319195,0.6219454263900543,0.8139774504042886,0.006327835597877858,0.503120589944142,0.7206220045762728,0.028052623681423902,0.025,0.019968187224797405,-0.0020904056280583853,0.026066064289569126,0.03333333333333333,0.00870167641284416,-0.0002811959484402707,8.333333333333332,-0.0019865593918547766,-0.011266510811953245,0.007721834041275714,0.6607370798062685,0.8761878366392827,0.056979232911544234,0.03333333333333333,0.022597736661014667,0.0025767247133425255,0.044609221135854145,0.03333333333333333,0.003135576031311202,-0.0002811959484402707,0.0,-0.012370011775690089,-0.019462160629703466
47,170611_fly5_LDM_035,139,7,11714.94,True,170611_fly5_LDM_033,1,exact_consistent,170611_fly5_LDM_035,139,False,F,183,160,1.0408340855860843e-17,0.6370894106973349,primary_selected,0.007320342254921686,0.5990815362604623,0.7898514046916217,0.007134418890279175,0.6191881147863024,0.8123191355249658,0.00847511225196011,0.4626166545247862,0.6932467205386293,0.011562339323347917,-0.00019506108291933444,,0.006984112206491924,0.6350648459956083,0.8226376489517566,0.00672665896343703,0.3906796160307503,0.6925025022027982,0.029490346335205083,0.025,0.01695910452785476,0.0019973201235133284,0.026066064289569126,0.03333333333333333,0.00870167641284416,-0.0002811959484402707,8.333333333333332,-0.0034242820456359575,-0.008257428115010599,0.007520101395164625,0.6734574329626837,0.8978450247463071,0.05882882228703205,0.025,0.020515719482370243,0.00117199529935754,0.044609221135854145,0.03333333333333333,0.003135576031311202,-0.0002811959484402707,8.333333333333332,-0.014219601151177902,-0.01738014345105904
48,170611_fly5_LDM_035,139,9,11714.94,True,170611_fly5_LDM_033,1,exact_consistent,170611_fly5_LDM_035,139,False,F,183,160,2.0816681711721685e-17,0.765064356791145,primary_selected,0.005909576601651552,0.6814629988078398,0.8417100346499166,0.0058635780708490605,0.6864025098930308,0.8510406216193073,0.007414138225031559,0.49861826224988015,0.7178754502109143,0.010506235911747647,-0.006795929584718419,,0.0058172597580121495,0.6913373590287981,0.8524658370353321,0.00488601560243855,0.5673646592739081,0.8128199414359182,0.02707870921391995,0.025,0.01672404028572361,-0.0020269568530865536,0.026066064289569126,0.03333333333333333,0.00870167641284416,-0.0002811959484402707,8.333333333333332,-0.001012644924350825,-0.00802236387287945,0.0066999960536265266,0.6766743774169831,0.9226454030947813,0.0576908617195971,0.025,0.015578114722567673,0.0014063981426807037,0.044609221135854145,0.03333333333333333,0.003135576031311202,-0.0002811959484402707,8.333333333333332,-0.013081640583742955,-0.012442538691256472
49,170611_fly5_LDM_037,139,1,11718.4,False,170611_fly5_LDM_036,1,exact_consistent,170611_fly5_LDM_037,139,False,F,181,162,1.0408340855860843e-17,0.6400031563865666,secondary_author_excluded,0.0037521429036147034,0.7638497774034809,0.87889601104087,0.0034201377831864855,0.8037919493890657,0.8989510667532501,0.004152636909053894,0.7107472226458706,0.8454929573824853,0.007736867127803462,-0.004060529822299763,,0.0035593852359485424,0.7874898843442646,0.8904353629414001,0.0033483493602225176,0.6989289133560027,0.8584580137752932,0.027835074637821592,0.025,0.010774543267948744,0.0023912647286760754,0.026066064289569126,0.03333333333333333,0.00870167641284416,-0.0002811959484402707,8.333333333333332,-0.0017690103482524665,-0.002072866855104584,0.0034904500388713467,0.8514130693693233,0.9236391363525039,0.0445919340998585,0.025,0.015276737017616754,0.005575189954773835,0.044609221135854145,0.03333333333333333,0.003135576031311202,-0.0002811959484402707,8.333333333333332,1.7287035995641742e-05,-0.012141160986305553
50,170611_fly5_LDM_037,139,2,11718.4,False,170611_fly5_LDM_036,1,exact_consistent,170611_fly5_LDM_037,139,False,F,181,162,1.3877787807814457e-17,0.449322381942936,secondary_author_excluded,0.005100261316656782,0.5787428801719563,0.7776229014440837,0.004763802702122929,0.6324893485228102,0.8025175047380501,0.0050874788074472535,0.5808517820339556,0.7657858239151928,0.007866820532765278,-0.002214964516636053,,0.004771608993335618,0.6312839057569624,0.803156804320932,0.004919495716959376,0.5326628819936476,0.7357722017418372,0.024666330582697477,0.025,0.013294515593386992,-0.0019928490202239884,0.026066064289569126,0.03333333333333333,0.00870167641284416,-0.0002811959484402707,8.333333333333332,0.0013997337068716482,-0.004592839180542832,0.004602846321606426,0.7045531970175349,0.8492108297356187,0.03579784277030275,0.025,0.015573750494294653,0.003725803390063121,0.044609221135854145,0.03333333333333333,0.003135576031311202,-0.0002811959484402707,8.333333333333332,0.008811378365551396,-0.01243817446298345
51,170611_fly5_LDM_037,139,3,11718.4,False,170611_fly5_LDM_036,1,exact_consistent,170611_fly5_LDM_037,139,False,F,181,162,1.3877787807814457e-17,0.4582418640602902,secondary_author_excluded,0.005386445329664492,0.617625887010996,0.7932747340109612,0.005295865605937429,0.6303779419984954,0.7998190333442089,0.005821003515117114,0.5534401296482369,0.7501307915856266,0.008750806640695902,-0.009206747166793372,,0.005260113148950214,0.635351742597345,0.8030567154060383,0.0049295070738505165,0.44886013647898493,0.7097346963674187,0.028950529540508096,0.025,0.004676643460055129,0.0076489022446151085,0.026066064289569126,0.03333333333333333,0.00870167641284416,-0.0002811959484402707,8.333333333333332,-0.0028844652509389702,0.004025032952789031,0.005638470097567224,0.7032928331743767,0.8448877618096311,0.05081815282254208,0.025,0.016617824521964135,0.005439366394840694,0.044609221135854145,0.03333333333333333,0.003135576031311202,-0.0002811959484402707,8.333333333333332,-0.0062089316866879365,-0.013482248490652934
52,170611_fly5_LDM_037,139,4,11718.4,False,170611_fly5_LDM_036,1,exact_consistent,170611_fly5_LDM_037,139,False,F,181,162,1.3877787807814457e-17,0.5572937793348401,secondary_author_excluded,0.005334709895965599,0.6613051437831996,0.8142012546147617,0.0051058850751092635,0.6897376645977197,0.8336439597606197,0.005762070456095293,0.6048662599701264,0.7822577506638204,0.009172392796128765,-0.0012724705633915256,,0.0051400220847325545,0.6855750818740229,0.8302426236088031,0.00531563797445204,0.4902434443612803,0.717529849970589,0.026184314225241145,0.025,0.012969851129188543,0.0013370648427830226,0.026066064289569126,0.03333333333333333,0.00870167641284416,-0.0002811959484402707,8.333333333333332,-0.00011824993567201986,-0.004268174716344383,0.004887137989151778,0.7834184207408683,0.8958652543428169,0.04765966728502897,0.025,0.0153346561088534,0.0035541627008524226,0.044609221135854145,0.03333333333333333,0.003135576031311202,-0.0002811959484402707,8.333333333333332,-0.0030504461491748236,-0.0121990800775422
53,170611_fly5_LDM_037,139,5,11718.4,True,170611_fly5_LDM_036,1,exact_consistent,170611_fly5_LDM_037,139,False,F,181,162,1.0408340855860843e-17,0.6042307836250957,primary_selected,0.005058251907244122,0.668940452783966,0.8207353261725298,0.005082485735427585,0.6657606749305547,0.8187414482085104,0.006015046178800932,0.5318520342749742,0.7322703767819396,0.00881028998008071,-0.004351227491898202,,0.004984876312542115,0.6784755659187822,0.8264263642584149,0.004835331547320898,0.4990846442892234,0.7443422372376469,0.02836111543422938,0.025,0.012465190891477252,0.0024154453354072666,0.026066064289569126,0.03333333333333333,0.00870167641284416,-0.0002811959484402707,8.333333333333332,-0.0022950511446602553,-0.0037635144786330923,0.005318166162234219,0.7309185303648622,0.8587674053653451,0.05611710985772914,0.025,0.01100674497857718,0.0009242563164087924,0.044609221135854145,0.03333333333333333,0.003135576031311202,-0.0002811959484402707,8.333333333333332,-0.011507888721874998,-0.007871168947265979
54,170611_fly5_LDM_037,139,6,11718.4,True,170611_fly5_LDM_036,1,exact_consistent,170611_fly5_LDM_037,139,False,F,181,162,1.3877787807814457e-17,0.4222035469184189,primary_selected,0.006829839168588581,0.351331858373115,0.6358740356124158,0.006678092993426673,0.37983601784783005,0.6454653093335901,0.005576698072744135,0.567530106780225,0.7544300813752787,0.008486657091300736,-0.0015552784447467882,,0.006645889712086877,0.38580273981606106,0.6514529506565453,0.007213884219108711,-0.07252484997211739,0.5461834102543326,0.019841037712025403,0.03333333333333333,0.013086056188797629,-0.004622522132982435,0.026066064289569126,0.03333333333333333,0.00870167641284416,-0.0002811959484402707,0.0,0.006225026577543723,-0.004384379775953469,0.006095385675328766,0.5270607782955028,0.8058436587698264,0.04393240333857192,0.025,0.011097437548542852,0.004429446023949184,0.044609221135854145,0.03333333333333333,0.003135576031311202,-0.0002811959484402707,8.333333333333332,0.0006768177972822226,-0.00796186151723165
55,170611_fly5_LDM_037,139,7,11718.4,True,170611_fly5_LDM_036,1,exact_consistent,170611_fly5_LDM_037,139,False,F,181,162,1.3877787807814457e-17,0.6894086425765825,primary_selected,0.006262694635305875,0.6956137565238404,0.8634449731458391,0.006446045428289107,0.6775300338636232,0.857055692552596,0.006562364698609479,0.6657870506988045,0.8706090204640947,0.011362511185703078,-0.001961872734381087,,0.0063950118272976956,0.6826158369898478,0.8581597184635549,0.0053781668179345874,0.5937021853383679,0.7930103767503079,0.034428363098951344,0.025,0.015391093712487315,0.0004161364185457084,0.026066064289569126,0.03333333333333333,0.00870167641284416,-0.0002811959484402707,8.333333333333332,-0.008362298809382218,-0.006689417299643155,0.007360592707493136,0.7024728537657372,0.9161000185064494,0.07217231786765634,0.025,0.01208142720980555,0.004225699884103012,0.044609221135854145,0.03333333333333333,0.003135576031311202,-0.0002811959484402707,8.333333333333332,-0.02756309673180219,-0.008945851178494349
56,170611_fly7_LDM_049,141,1,11648.28,False,170611_fly7_LDM_048,1,exact_consistent,170611_fly7_LDM_049,141,False,F,175,164,2.0816681711721685e-17,0.5182410905441912,secondary_author_excluded,0.011417300587550309,0.40975669808851467,0.6815571252676909,0.011529011831706109,0.3981498583405322,0.677411845545282,0.012330525310346147,0.31155800364990527,0.5995896552113509,0.015035434888637489,-0.023613926288444276,,0.011626171258710778,0.38796306814636805,0.6646378042603929,0.013192465161523226,0.39025164391644096,0.7355746685246608,0.04057144011671825,0.025,0.036750317705517066,-0.006361697562423742,0.025483624841623514,0.03333333333333333,0.008645324185423185,-0.0007324890641036725,8.333333333333332,-0.01508781527509474,-0.02810499352009388,0.009580975451029755,0.362494871455455,0.7472421496966231,0.057137262405847995,0.025,0.007056624141674834,-0.002113706338369929,0.04620329589075127,0.03333333333333333,0.002862054104459692,-0.0007324890641036725,8.333333333333332,-0.010933966515096726,-0.004194570037215142
57,170611_fly7_LDM_049,141,2,11648.28,False,170611_fly7_LDM_048,1,exact_consistent,170611_fly7_LDM_049,141,False,F,175,164,3.469446951953614e-17,0.6925000051198739,secondary_author_excluded,0.011434588170243528,0.19851740641485172,0.6584372993248911,0.011349338492351455,0.21042363895341354,0.6862187599471599,0.012483587085873422,0.044717481765948586,0.5393847340344142,0.014255297445795312,-0.24567746186679917,,0.011338947869181656,0.2118687337241748,0.6861062144093311,0.014224569599805052,-0.14602724355357632,0.744781056640138,0.027697711316548305,0.03333333333333333,0.0441547681745368,-0.007600002048145368,0.025483624841623514,0.03333333333333333,0.008645324185423185,-0.0007324890641036725,0.0,-0.002214086474924791,-0.03550944398911361,0.007434822669589555,0.4888701788382429,0.7350812296357725,0.04429713299329931,0.03333333333333333,0.005712326723201746,-0.0014868527029785735,0.04620329589075127,0.03333333333333333,0.002862054104459692,-0.0007324890641036725,0.0,0.0019061628974519629,-0.002850272618742054
58,170611_fly7_LDM_049,141,3,11648.28,False,170611_fly7_LDM_048,1,exact_consistent,170611_fly7_LDM_049,141,False,F,175,164,2.0816681711721685e-17,0.6247137610927049,secondary_author_excluded,0.007857475516318067,0.3953301929265335,0.6823361777715984,0.0078057262335779025,0.4032686680337132,0.6792095263351099,0.008193364148418144,0.34252881297109716,0.632265902252642,0.010387851568396863,-0.056826467721349694,,0.007929034285225789,0.38426647245519874,0.6664694422855917,0.009824923196966833,0.2068285387156268,0.6733078913212697,0.040339018429276015,0.03333333333333333,0.015327567043751511,0.000907415053762928,0.025483624841623514,0.03333333333333333,0.008645324185423185,-0.0007324890641036725,0.0,-0.014855393587652501,-0.0066822428583283265,0.00503285289282685,0.6458370753946066,0.8205135553770445,0.03753921644043053,0.025,0.011604541788792812,0.0006642892716640083,0.04620329589075127,0.03333333333333333,0.002862054104459692,-0.0007324890641036725,8.333333333333332,0.008664079450320737,-0.00874248768433312
59,170611_fly7_LDM_049,141,4,11648.28,True,170611_fly7_LDM_048,1,exact_consistent,170611_fly7_LDM_049,141,False,F,175,164,1.3877787807814457e-17,0.691534943396622,primary_selected,0.007526720583355784,0.538669402312602,0.8246744112337678,0.00752897054724705,0.5383935498170598,0.8385035189277622,0.008828387186599175,0.3653074277685695,0.7131354112853859,0.011776023823204734,-0.129270604730801,,0.007624048888299951,0.5266612960531243,0.8273263374483909,0.009267954640561783,0.36415393150301767,0.8647245932492277,0.044719751286239236,0.025,0.023716775841775655,0.0009109660194299409,0.025483624841623514,0.03333333333333333,0.008645324185423185,-0.0007324890641036725,8.333333333333332,-0.019236126444615722,-0.01507145165635247,0.005241737477508431,0.7222295107590821,0.8763449317418828,0.049214716214177154,0.025,0.004688702172503447,-0.0001802521257770731,0.04620329589075127,0.03333333333333333,0.002862054104459692,-0.0007324890641036725,8.333333333333332,-0.003011420323425884,-0.0018266480680437548
60,170611_fly7_LDM_049,141,5,11648.28,True,170611_fly7_LDM_048,1,exact_consistent,170611_fly7_LDM_049,141,False,F,175,164,1.3877787807814457e-17,0.6978394191898013,primary_selected,0.006729529880209389,0.48522787970355485,0.7904462932335162,0.006765254875638506,0.47974783993779113,0.7996600228081214,0.007899430913517785,0.29068821334372863,0.6712483053837107,0.010097131842874297,-0.15888841214569638,,0.006868832329859903,0.4636955547769921,0.789120007273284,0.007928978687636822,0.2839721794169676,0.839834787177084,0.030089311821809416,0.025,0.02189371456897414,-0.0003212554513135121,0.025483624841623514,0.03333333333333333,0.008645324185423185,-0.0007324890641036725,8.333333333333332,-0.004605686980185902,-0.013248390383550955,0.005354310789980559,0.6197353208902389,0.8220643711095096,0.04286238899867914,0.025,0.008243342149891876,0.0038494232664262103,0.04620329589075127,0.03333333333333333,0.002862054104459692,-0.0007324890641036725,8.333333333333332,0.003340906892072129,-0.005381288045432184
61,170611_fly7_LDM_049,141,6,11648.28,True,170611_fly7_LDM_048,1,exact_consistent,170611_fly7_LDM_049,141,False,F,175,164,6.938893903907228e-18,0.5344323767292434,primary_selected,0.007747477294715686,0.23322486115051244,0.5551200766543095,0.00767998769025065,0.2465256944762495,0.560457963240007,0.007768259819006309,0.2291056115481428,0.5285257020787325,0.008862369071572113,-0.003337543805941534,,0.007828812499859873,0.21704070783323515,0.5459390287755508,0.008318222647642516,0.14542935146979963,0.49832171477510095,0.022135536251195072,0.03333333333333333,0.020706403498215432,0.0014697966756272054,0.025483624841623514,0.03333333333333333,0.008645324185423185,-0.0007324890641036725,0.0,0.0033480885904284413,-0.012061079312792248,0.006983666216898555,0.22500036661928868,0.7241108339746029,0.03703955417708738,0.03333333333333333,0.00601249663254842,-0.0010426961715906465,0.04620329589075127,0.03333333333333333,0.002862054104459692,-0.0007324890641036725,0.0,0.009163741713663888,-0.003150442528088728
62,170611_fly7_LDM_049,141,7,11648.28,True,170611_fly7_LDM_048,1,exact_consistent,170611_fly7_LDM_049,141,False,F,175,164,1.3877787807814457e-17,0.4850836726921692,primary_selected,0.010150739370803517,0.3106574695186999,0.6949012055193854,0.010235120018181743,0.29914915831598654,0.7001628259151536,0.010595289356015962,0.2489560301905679,0.6663452268951293,0.013274479819472695,-0.17889396161781024,,0.010282437704169603,0.2926540128539016,0.6934683594380401,0.009496180532978717,0.49218677070064487,0.838725474425094,0.05028829015520759,0.03333333333333333,0.024215482518719716,-0.0003664740439908152,0.025483624841623514,0.03333333333333333,0.008645324185423185,-0.0007324890641036725,0.0,-0.024804665313584075,-0.015570158333296532,0.010924189620207319,-0.023633413029233274,0.6594721906104768,0.04881106523285047,0.025,0.010751990688309938,0.008721029357743215,0.04620329589075127,0.03333333333333333,0.002862054104459692,-0.0007324890641036725,8.333333333333332,-0.002607769342099199,-0.007889936583850246
63,170625_fly1_LDM_002,150,1,11813.08,False,170625_fly1_LDM,1,exact_consistent,170625_fly1_LDM_002,150,False,F,187,167,6.938893903907228e-18,0.4028186060205248,secondary_author_excluded,0.006609685344829141,0.36975480816587214,0.651449747545585,0.006659731559155046,0.3601746861355706,0.6436919044150223,0.0064769696228773365,0.3948100729472245,0.6473623311497495,0.008336416731639694,-0.002551759746930893,,0.006665195406244252,0.35912439102310634,0.6458769359826829,0.007069469363393996,0.10474295199942862,0.5235288088916292,0.024203288391757095,0.03333333333333333,0.012572972070027895,0.00037811810440462924,0.026831425855039295,0.025,0.009040004332870829,-0.0005758483412771527,-8.333333333333332,0.0026281374632822,-0.003532967737157066,0.006223074143865321,0.5193488148853773,0.7498966827884459,0.041003334099386606,0.03333333333333333,0.013727965837799214,0.00536153103577842,0.045188190135886167,0.03333333333333333,0.0027397101773841003,-0.0005758483412771527,0.0,0.004184856036499561,-0.010988255660415114
64,170625_fly1_LDM_002,150,2,11813.08,True,170625_fly1_LDM,1,exact_consistent,170625_fly1_LDM_002,150,False,F,187,167,6.938893903907228e-18,0.5557285294322437,primary_selected,0.0066923266644868884,0.6143818918322841,0.7931838460913888,0.006469605968912027,0.6396215456871928,0.813182601456319,0.007320270196427735,0.5386214714738792,0.7472011856245799,0.010787445102726122,-0.0019368595881577022,,0.0063581231087304286,0.6519344651280465,0.820593396934373,0.006215058134693946,0.44660197990285866,0.6736152184840313,0.034055295074248114,0.03333333333333333,0.008811403872615038,0.006871265136485792,0.026831425855039295,0.025,0.009040004332870829,-0.0005758483412771527,-8.333333333333332,-0.007223869219208819,0.00022860046025579076,0.00671451079143811,0.7215323971275395,0.8852959885258721,0.06938070734690231,0.03333333333333333,0.007332447506600417,-0.0033989504371470195,0.045188190135886167,0.03333333333333333,0.0027397101773841003,-0.0005758483412771527,0.0,-0.024192517211016146,-0.004592737329216317
65,170625_fly1_LDM_002,150,3,11813.08,True,170625_fly1_LDM,1,exact_consistent,170625_fly1_LDM_002,150,False,F,187,167,1.3877787807814457e-17,0.5253090827748964,primary_selected,0.00533721067323854,0.6676045325834591,0.8175243606836317,0.005039368221953521,0.7036679759662495,0.8408236313645018,0.005538275115415309,0.6420886649861355,0.8065445933618488,0.009257352818908497,-7.684344827119105e-08,,0.004916755500624234,0.7179126402306197,0.8491757304201205,0.005152908452820794,0.4424590921971656,0.7005480823205233,0.03457466473636582,0.03333333333333333,0.003464479002732378,0.008627588874221262,0.026831425855039295,0.025,0.009040004332870829,-0.0005758483412771527,-8.333333333333332,-0.007743238881326525,0.005575525330138451,0.004923210195565289,0.8041458250526419,0.9180301322179856,0.05331644566631918,0.03333333333333333,0.010615060743327073,0.002157522347194292,0.045188190135886167,0.03333333333333333,0.0027397101773841003,-0.0005758483412771527,0.0,-0.008128255530433011,-0.007875350565942973
66,170625_fly1_LDM_002,150,4,11813.08,True,170625_fly1_LDM,1,exact_consistent,170625_fly1_LDM_002,150,False,F,187,167,1.3877787807814457e-17,0.2662257327504014,primary_selected,0.006651200550846322,0.44083821110594035,0.6818672940780446,0.0069654978867953535,0.38674410872051956,0.647665373630763,0.006318052657387725,0.4954503819619632,0.7080987297478148,0.008915453558534923,-0.004671964768052872,,0.006870653557324256,0.40333096481674846,0.6597836392227497,0.00679063481019412,0.04444005912172777,0.5441410565385761,0.027825137880693455,0.03333333333333333,0.0022655978772281576,0.006540336259443067,0.026831425855039295,0.025,0.009040004332870829,-0.0005758483412771527,-8.333333333333332,-0.0009937120256541601,0.006774406455642671,0.0071360773886275175,0.475407874321941,0.7876732019324765,0.03672246617662463,0.03333333333333333,0.015964319880044597,0.005060009989306491,0.045188190135886167,0.03333333333333333,0.0027397101773841003,-0.0005758483412771527,0.0,0.00846572395926154,-0.013224609702660498
67,170625_fly1_LDM_002,150,5,11813.08,False,170625_fly1_LDM,1,exact_consistent,170625_fly1_LDM_002,150,False,F,187,167,6.938893903907228e-18,0.08723209219563205,secondary_author_excluded,0.007569765336621679,-0.11367639801757612,0.45484870749465967,0.007505975532907419,-0.09498576060669706,0.45880203549617116,0.007408439820323595,-0.06671326940488731,0.42546942915906416,0.0071757318241218665,-0.0007522655846046167,,0.00729433260935182,-0.03410659488365875,0.49523512056403446,0.008302716419804623,-0.9103774818956512,0.07401057266726552,0.016922329613970062,0.03333333333333333,0.008687913716530413,0.005461699485444906,0.026831425855039295,0.025,0.009040004332870829,-0.0005758483412771527,-8.333333333333332,0.009909096241069233,0.00035209061634041555,0.006613942655747505,0.33908343974187716,0.66968518219136,0.025344317910954227,0.025,0.017564881661099527,0.0030337069414075055,0.045188190135886167,0.03333333333333333,0.0027397101773841003,-0.0005758483412771527,8.333333333333332,0.01984387222493194,-0.014825171483715427
68,170625_fly1_LDM_002,150,6,11813.08,False,170625_fly1_LDM,1,exact_consistent,170625_fly1_LDM_002,150,False,F,187,167,6.938893903907228e-18,0.23251342149946405,secondary_author_excluded,0.00575126585574365,0.33132573023106826,0.6872975961852975,0.005759602411159257,0.3293858163524136,0.6826731715496622,0.006569002391513405,0.1276584373838502,0.5464083116661433,0.007087115220288394,-0.015375574191813568,,0.00574255415421813,0.33334993807918767,0.6888120454312875,0.005222771627482119,-0.0033919014935381853,0.5953058570037539,0.011078179795337591,0.025,0.013839911384655793,-0.0016239168414122025,0.026831425855039295,0.025,0.009040004332870829,-0.0005758483412771527,0.0,0.015753246059701704,-0.004799907051784964,0.006250495692057618,0.3935511526094405,0.7379396813832856,0.02791253073415267,0.025,0.012908012631967284,0.002391832023864629,0.045188190135886167,0.03333333333333333,0.0027397101773841003,-0.0005758483412771527,8.333333333333332,0.017275659401733496,-0.010168302454583184
69,170625_fly1_LDM_002,150,7,11813.08,False,170625_fly1_LDM,1,exact_consistent,170625_fly1_LDM_002,150,False,F,187,167,2.0816681711721685e-17,0.18731339663453767,secondary_author_excluded,0.010979932902884982,-0.3216970063306157,0.18663011443357083,0.011190071318018305,-0.3727714638109978,0.14819750983640254,0.010463344248429868,-0.20025510542936864,0.21734905738420596,0.009652503290193666,-0.02143903471725972,,0.011070227670750589,-0.3435246510432135,0.17460182937332322,0.010453322854378926,-0.400865997546201,0.1299128303889956,0.0325662544035744,0.016666666666666666,0.0025996866243811253,0.011211733522173084,0.026831425855039295,0.025,0.009040004332870829,-0.0005758483412771527,8.333333333333336,-0.005734828548535104,0.006440317708489704,0.01188122188610208,-0.7628410618520223,0.24061012902738443,0.00810660037515682,0.041666666666666664,0.025099741739235994,0.01435718923079711,0.045188190135886167,0.03333333333333333,0.0027397101773841003,-0.0005758483412771527,-8.333333333333332,0.037081589760729346,-0.022360031561851894
70,170625_fly1_LDM_002,150,8,11813.08,False,170625_fly1_LDM,1,exact_consistent,170625_fly1_LDM_002,150,False,F,187,167,1.0408340855860843e-17,0.04257100578440223,secondary_author_excluded,0.008670395973877145,0.10365155624691547,0.4645651556614719,0.008546967882226593,0.1289899847702778,0.47757522870529684,0.009129277821999777,0.0062621031809620975,0.36586039300261486,0.009159799300429913,-0.00039363703860328947,,0.008456826723399999,0.14726543109142476,0.4927968709065903,0.008863875786348325,-0.09069931375461016,0.3338595090792825,0.02178101616267114,0.03333333333333333,0.010439004178920302,0.010011789915179361,0.026831425855039295,0.025,0.009040004332870829,-0.0005758483412771527,-8.333333333333332,0.005050409692368155,-0.0013989998460494733,0.00821784801537566,0.213177790719153,0.5744088650580416,0.039139904751036125,0.025,0.007389171499639548,-0.00548167410972843,0.045188190135886167,0.03333333333333333,0.0027397101773841003,-0.0005758483412771527,8.333333333333332,0.006048285384850041,-0.004649461322255449
71,170625_fly1_LDM_004,150,1,11822.12,False,170625_fly1_LDM_003,1,exact_consistent,170625_fly1_LDM_004,150,False,F,164,179,2.7755575615628914e-17,0.6435993448126993,secondary_author_excluded,0.008660203687426567,0.5624674710818881,0.8179444781927676,0.0083858284043822,0.5897523744887344,0.8457300999659775,0.009780327774360434,0.44196562425210983,0.7298139086401431,0.013353677340320067,-0.04029351212261956,,0.008415991318561019,0.5867958345348041,0.8396448520493288,0.008898900068942171,0.3809783961718394,0.7770949067033633,0.0402340912147994,0.03333333333333333,0.01480894247468412,0.005838380459320003,0.026831425855039295,0.025,0.009040004332870829,-0.0005758483412771527,-8.333333333333332,-0.013402665359760105,-0.0057689381418132915,0.007839248281465996,0.6944852784114445,0.8937585623309203,0.06555851275193951,0.025,0.0120304192527317,-0.0022013216158404086,0.045188190135886167,0.03333333333333333,0.0027397101773841003,-0.0005758483412771527,8.333333333333332,-0.020370322616053343,-0.0092907090753476
72,170625_fly1_LDM_004,150,2,11822.12,False,170625_fly1_LDM_003,1,exact_consistent,170625_fly1_LDM_004,150,False,F,164,179,2.7755575615628914e-17,0.7836306133856484,secondary_author_excluded,0.008827673594472106,0.605209364028447,0.8493693813121814,0.00847631775411588,0.636010573909199,0.8826084373294771,0.010029896787657012,0.49035562205433125,0.7652536401370308,0.014110174371633767,-0.008646698456070023,,0.008463223862003731,0.6371342592679465,0.8793371478510886,0.008430461545723807,0.49267720761458855,0.8028312680055985,0.0411841690353713,0.03333333333333333,0.021928393229088065,0.0007251161012436867,0.026831425855039295,0.025,0.009040004332870829,-0.0005758483412771527,-8.333333333333332,-0.014352743180332007,-0.012888388896217236,0.008521927215339987,0.700276917132648,0.9327651786484783,0.07622730285183504,0.03333333333333333,0.012015459170611555,-0.0018881266011323305,0.045188190135886167,0.03333333333333333,0.0027397101773841003,-0.0005758483412771527,0.0,-0.031039112715948877,-0.009275748993227455
73,170625_fly1_LDM_004,150,3,11822.12,True,170625_fly1_LDM_003,1,exact_consistent,170625_fly1_LDM_004,150,False,F,164,179,2.7755575615628914e-17,0.5638931528055142,primary_selected,0.006280945745609014,0.587053960774994,0.7706298888272956,0.005755313597144458,0.6532781541501383,0.8157976004424092,0.0066378841274516215,0.5387859222762356,0.74143204914611,0.009807211500251383,-0.006779360051215155,,0.005711558705175827,0.6585300343748707,0.8184659620300431,0.006498978855882455,0.44249226188901514,0.6779583826703969,0.030498695007064047,0.03333333333333333,0.011185839097087518,0.004913373121685732,0.026831425855039295,0.025,0.009040004332870829,-0.0005758483412771527,-8.333333333333332,-0.003667269152024751,-0.002145834764216689,0.0049000554112932785,0.7889106271427808,0.9000272810507792,0.05433414810441658,0.03333333333333333,0.008674925994546334,-0.000706308609225098,0.045188190135886167,0.03333333333333333,0.0027397101773841003,-0.0005758483412771527,0.0,-0.009145957968530412,-0.005935215817162234
74,170625_fly1_LDM_004,150,4,11822.12,True,170625_fly1_LDM_003,1,exact_consistent,170625_fly1_LDM_004,150,False,F,164,179,6.938893903907228e-18,0.4000798526770717,primary_selected,0.009584959291926482,0.32022564584873703,0.6345647223492871,0.009584112280369575,0.32034578225749255,0.6357924995928939,0.009982759219818449,0.26263007026350826,0.5888716159728634,0.012102432898812252,-0.0837512147092152,,0.009588843819375276,0.319674545496627,0.635170156730303,0.009456687032115135,0.011457282461837304,0.4350553792654516,0.03141575599322854,0.03333333333333333,0.004851409027681683,0.012332624530970072,0.026831425855039295,0.025,0.009040004332870829,-0.0005758483412771527,-8.333333333333332,-0.004584330138189242,0.004188595305189146,0.009709865435838296,0.4731144507965491,0.7425632878823722,0.060878594251802906,0.03333333333333333,0.01689696531838343,-0.0012287271660505802,0.045188190135886167,0.03333333333333333,0.0027397101773841003,-0.0005758483412771527,0.0,-0.01569040411591674,-0.01415725514099933
75,170625_fly1_LDM_004,150,5,11822.12,True,170625_fly1_LDM_003,1,exact_consistent,170625_fly1_LDM_004,150,False,F,164,179,1.734723475976807e-18,0.4744186878966877,primary_selected,0.005095334790212309,0.5719985998697821,0.7759535030135206,0.004823512550376046,0.616445956039832,0.7981465851087539,0.0054904687553446125,0.5030432553147417,0.7225772972730946,0.007799914649177395,-0.002950366006247318,,0.004972656353755006,0.5923601481034493,0.7870208819324978,0.005524649860900508,0.17297183515838432,0.594504223615103,0.014649296087412642,0.03333333333333333,0.01831320974060925,-0.0022461182132315423,0.026831425855039295,0.025,0.009040004332870829,-0.0005758483412771527,-8.333333333333332,0.012182129767626653,-0.009273205407738423,0.004001348592877462,0.8043332101586025,0.9033064603489142,0.043038750752435705,0.03333333333333333,0.0105897834998011,0.0016277349680597936,0.045188190135886167,0.03333333333333333,0.0027397101773841003,-0.0005758483412771527,0.0,0.002149439383450462,-0.007850073322417
76,170625_fly1_LDM_004,150,6,11822.12,True,170625_fly1_LDM_003,1,exact_consistent,170625_fly1_LDM_004,150,False,F,164,179,3.469446951953614e-18,0.4232470947282618,primary_selected,0.00581911630069321,0.31814582061191266,0.6740749032441972,0.005492646516529675,0.39250776125284903,0.7066769438524838,0.006669945573926977,0.104177403670908,0.5265707650768208,0.007057890339623171,-0.003060769913715511,,0.005428169423388713,0.40668651206277806,0.717414440911651,0.005656978706308603,-0.12362455858468646,0.5852469697690421,0.016112143094956614,0.03333333333333333,0.006803267412215673,0.00552758206441121,0.026831425855039295,0.025,0.009040004332870829,-0.0005758483412771527,-8.333333333333332,0.010719282760082681,0.002236736920655156,0.005323243694164507,0.47032229217513166,0.8309958860002089,0.03661091584770874,0.03333333333333333,0.01039856370094583,-0.005785000164113383,0.045188190135886167,0.03333333333333333,0.0027397101773841003,-0.0005758483412771527,0.0,0.00857727428817743,-0.007658853523561731
77,170625_fly1_LDM_008,150,1,11829.24,False,170625_fly1_LDM_006,1,exact_consistent,170625_fly1_LDM_008,150,False,F,165,178,1.3877787807814457e-17,0.440919589599848,secondary_author_excluded,0.010446884971687815,0.3318435640564299,0.5872311203617783,0.01045095043104918,0.3313234297986001,0.5865215099544738,0.009607799815909729,0.43486471768479473,0.6907304381047839,0.012858930349590944,-0.01231161153568916,,0.010583340356689714,0.31427488393779157,0.5714839111322906,0.011340447807478006,-0.10148354876844556,0.5139240623420848,0.03821109793147918,0.03333333333333333,0.0144220505549617,-0.005392422064805756,0.026831425855039295,0.025,0.009040004332870829,-0.0005758483412771527,-8.333333333333332,-0.011379672076439883,-0.0053820462220908714,0.009478342331355272,0.469840773542186,0.7518531812067137,0.06620964530886789,0.03333333333333333,0.019059992775132095,0.0007327632332473906,0.045188190135886167,0.03333333333333333,0.0027397101773841003,-0.0005758483412771527,0.0,-0.02102145517298172,-0.016320282597747995
78,170625_fly1_LDM_008,150,2,11829.24,False,170625_fly1_LDM_006,1,exact_consistent,170625_fly1_LDM_008,150,False,F,165,178,2.0816681711721685e-17,0.5565406056723888,secondary_author_excluded,0.006493391339672662,0.5675880930491546,0.7535595506869698,0.006214360974083861,0.6039523484114218,0.7785116599060238,0.006284113229006498,0.5950116851229451,0.7791549653748568,0.00987552036962684,-0.00017148266710798055,,0.006303730269086844,0.5924792443128635,0.7703167044409863,0.005900671965153791,0.3506974333398717,0.6492616950204675,0.021155398544183447,0.025,0.018929843717827466,-0.005038937437582752,0.026831425855039295,0.025,0.009040004332870829,-0.0005758483412771527,0.0,0.005676027310855848,-0.009889839384956637,0.006512959004329836,0.6968083669570775,0.8634209722257766,0.05394509830565228,0.03333333333333333,0.01752754934093509,0.007351817177734857,0.045188190135886167,0.03333333333333333,0.0027397101773841003,-0.0005758483412771527,0.0,-0.008756908169766112,-0.01478783916355099
79,170625_fly1_LDM_008,150,3,11829.24,False,170625_fly1_LDM_006,1,exact_consistent,170625_fly1_LDM_008,150,False,F,165,178,1.3877787807814457e-17,0.1966619405654654,secondary_author_excluded,0.01512611663479362,0.06879168885370546,0.32243019966975506,0.015081891430235972,0.07422899632902646,0.3274339858489728,0.01475169443421779,0.11432217860788552,0.3639181184376923,0.01578986763144711,-0.014726336496181158,,0.015088622858752915,0.07340242201515768,0.328206001566194,0.012721158072912212,-0.10503406260599712,0.1754315936942048,0.0064620115882808825,0.058333333333333334,0.038766307058273705,-0.01024518783006878,0.026831425855039295,0.025,0.009040004332870829,-0.0005758483412771527,-33.333333333333336,0.020369414266758413,-0.029726302725402876,0.01712013538237449,0.09854326834779181,0.44304799842950954,0.05175906856597787,0.05,0.019203274919679235,0.0003151955383692772,0.045188190135886167,0.03333333333333333,0.0027397101773841003,-0.0005758483412771527,-16.66666666666667,-0.006570878430091701,-0.016463564742295135
80,170625_fly1_LDM_008,150,4,11829.24,False,170625_fly1_LDM_006,1,exact_consistent,170625_fly1_LDM_008,150,False,F,165,178,1.3877787807814457e-17,0.011580365905899651,secondary_author_excluded,0.007640570343706949,0.07601025953434282,0.5016254170492465,0.007697367394994585,0.0622220348486211,0.49026515090888717,0.007248910606939818,0.16831076477084206,0.5173823911656915,0.007949082813502545,-0.0001142955973754134,,0.007829133687510202,0.029840791792182353,0.47784531388763624,0.008073963471532754,-0.7164958134842063,0.16818292448944624,0.021809889077655957,0.016666666666666666,0.006311186177711214,0.008215887139704897,0.026831425855039295,0.025,0.009040004332870829,-0.0005758483412771527,8.333333333333336,0.005021536777383338,0.0027288181551596152,0.007301372712538801,0.3876024601338276,0.6727502720862338,0.03883337651028923,0.03333333333333333,0.013441269359166235,0.0015200751370110434,0.045188190135886167,0.03333333333333333,0.0027397101773841003,-0.0005758483412771527,0.0,0.006354813625596936,-0.010701559181782136
81,170625_fly1_LDM_008,150,5,11829.24,False,170625_fly1_LDM_006,1,exact_consistent,170625_fly1_LDM_008,150,False,F,165,178,6.938893903907228e-18,0.27361127433850313,secondary_author_excluded,0.007851374213358785,0.05939192389997705,0.49765632299341006,0.007880270074870062,0.05245563595088176,0.489512599858517,0.007416116943563516,0.160790313928049,0.5206191349004221,0.008184867327119217,-0.02221120449523517,,0.007970490457920996,0.03063476301929502,0.48239847923097956,0.009250182616751043,-0.5433878725853785,0.14106888114399446,0.022738490021175426,0.041666666666666664,0.006119557155876128,0.0062085244333078176,0.026831425855039295,0.025,0.009040004332870829,-0.0005758483412771527,-16.666666666666664,0.004092935833863869,0.0029204471769947006,0.006215419089855647,0.4870152145147325,0.7287720387734294,0.03730519083037649,0.03333333333333333,0.016771974809138612,-0.0002881472680293536,0.045188190135886167,0.03333333333333333,0.0027397101773841003,-0.0005758483412771527,0.0,0.007882999305509675,-0.014032264631754512
82,170625_fly1_LDM_008,150,6,11829.24,False,170625_fly1_LDM_006,1,exact_consistent,170625_fly1_LDM_008,150,False,F,165,178,1.0408340855860843e-17,0.034770527971431625,secondary_author_excluded,0.010868738922909803,-0.13184446272462425,0.27870897771527675,0.01101241296895459,-0.16196598664941053,0.25298450755631635,0.009936191660134139,0.05404961744808279,0.37895322112441976,0.01030432831086218,-0.017343962393393975,,0.011002491875777535,-0.15987329723178068,0.25995563218959783,0.01105019386059251,-0.9882757527433841,0.1656991444604739,0.019502095814765308,0.05,0.010995546246916389,0.002902017732227439,0.026831425855039295,0.025,0.009040004332870829,-0.0005758483412771527,-25.0,0.0073293300402739875,-0.0019555419140455596,0.01097450201334539,-0.08646016943176305,0.4022397708843184,0.013826734394176005,0.041666666666666664,0.03376745708320786,0.01901042237981334,0.045188190135886167,0.03333333333333333,0.0027397101773841003,-0.0005758483412771527,-8.333333333333332,0.03136145574171016,-0.031027746905823758
83,170625_fly1_LDM_008,150,7,11829.24,False,170625_fly1_LDM_006,1,exact_consistent,170625_fly1_LDM_008,150,False,F,165,178,1.3877787807814457e-17,-0.008976923131203065,secondary_author_excluded,0.01320628785176818,-0.09431275451016563,0.20919440725016053,0.013251837185835244,-0.10187448229703966,0.1991081222537941,0.01261444093716567,0.0015738250082041327,0.2642482162780925,0.012628911402635353,-0.0007181478642890315,,0.013425040772443364,-0.13086605837095489,0.17870342719763083,0.012854527165575258,-0.23814502562079554,0.0998841933320691,0.03524203267069483,0.016666666666666666,0.009219038773217253,0.006584418135098872,0.026831425855039295,0.025,0.009040004332870829,-0.0005758483412771527,8.333333333333336,-0.008410606815655537,-0.00017903444034642405,0.013637577092330553,-0.04271632795967917,0.28989873425500706,0.05333091330077407,0.03333333333333333,0.012905613136304549,-0.010066077963207914,0.045188190135886167,0.03333333333333333,0.0027397101773841003,-0.0005758483412771527,0.0,-0.008142723164887906,-0.01016590295892045
84,170625_fly1_LDM_008,150,8,11829.24,False,170625_fly1_LDM_006,1,exact_consistent,170625_fly1_LDM_008,150,False,F,165,178,5.204170427930421e-18,0.004926801751395542,secondary_author_excluded,0.008756002285531991,-0.6995885942741165,0.22384961366082534,0.008906411475318333,-0.758480621150696,0.18856082073154065,0.007868177734173813,-0.37239901814978427,0.30366178872312516,0.006716899592979673,-0.00016070590541183982,,0.008948228315376571,-0.7750320076439758,0.19172953795384448,0.00932899743547437,-0.7982590406465517,0.08881339547815231,0.023777521132748218,0.016666666666666666,0.0022997807990640627,0.011539349834184358,0.026831425855039295,0.025,0.009040004332870829,-0.0005758483412771527,8.333333333333336,0.0030539047222910773,0.006740223533806766,0.008462750001286625,-1.200128497369655,0.36771803001517456,0.01428404888205988,0.041666666666666664,0.009969070145661119,0.003272675014039367,0.045188190135886167,0.03333333333333333,0.0027397101773841003,-0.0005758483412771527,-8.333333333333332,0.030904141253826286,-0.007229359968277019
85,170625_fly2_LDM_010,151,1,11829.31,False,170625_fly2_LDM_009,1,exact_consistent,170625_fly2_LDM_010,151,False,F,171,169,1.0408340855860843e-17,0.590288760475568,secondary_author_excluded,0.00787387176877608,0.4934241025679944,0.7060469909017452,0.007635370224123984,0.5236479407573349,0.728385859881595,0.00865814836398173,0.3874833564479835,0.6252144357039883,0.011080342458646274,-0.0031692551803479407,,0.007335949644173981,0.5602756352861947,0.7548657674365749,0.007919706562925451,0.5240418234452233,0.7629799150968669,0.04622764832760376,0.03333333333333333,0.015571895753728466,0.00032849695525055114,0.026718681282901488,0.025,0.009080836311524936,-0.0005561805416658022,-8.333333333333332,-0.01950896704470227,-0.006491059442203529,0.00734002758005948,0.5159203853807168,0.7222676348636844,0.042108386308570986,0.041666666666666664,0.01506980251393501,0.0013485349356838227,0.046494315715324336,0.03333333333333333,0.0029146160362097055,-0.0005561805416658022,-8.333333333333332,0.00438592940675335,-0.012155186477725304
86,170625_fly2_LDM_010,151,2,11829.31,True,170625_fly2_LDM_009,1,exact_consistent,170625_fly2_LDM_010,151,False,F,171,169,1.3877787807814457e-17,0.474687201621788,primary_selected,0.007986114496932595,0.406173613060294,0.641771202247885,0.007710876163004172,0.4464002519743683,0.6706393076242808,0.008944751749632262,0.25505362608123894,0.5226060491462882,0.010371858115769761,-0.0016167098360666543,,0.007402819274903286,0.48975034335675904,0.7012418548019476,0.008675204905493374,0.40071083739891855,0.681298684795749,0.03700016140410779,0.03333333333333333,0.019893198349772535,0.0017094814328747943,0.026718681282901488,0.025,0.009080836311524936,-0.0005561805416658022,-8.333333333333332,-0.010281480121206305,-0.010812362038247599,0.00660727192191116,0.42749949704224743,0.7197410906826297,0.038971787016862804,0.03333333333333333,0.004389909407350412,-0.003351292336482248,0.046494315715324336,0.03333333333333333,0.0029146160362097055,-0.0005561805416658022,0.0,0.007522528698461532,-0.0014752933711407066
87,170625_fly2_LDM_010,151,3,11829.31,True,170625_fly2_LDM_009,1,exact_consistent,170625_fly2_LDM_010,151,False,F,171,169,1.3877787807814457e-17,0.29324804537695387,primary_selected,0.00891387162069596,0.3361803088849237,0.5947760249435554,0.008638581644176312,0.376549087059296,0.6254794409554298,0.008816170514708805,0.35065224472980383,0.602571116408233,0.011007385286864808,-0.012245179431528141,,0.008519573205723616,0.3936085643689212,0.6385818192304779,0.00929004255725489,0.36013264810775225,0.6080764064715841,0.023101169506429646,0.025,0.03703163487089017,-0.008884822061812242,0.026718681282901488,0.025,0.009080836311524936,-0.0005561805416658022,0.0,0.003617511776471842,-0.027950798559365237,0.007933807089323059,0.3747870870215697,0.7006218621936119,0.03529047661573492,0.025,0.015021240538875881,0.008762052557207727,0.046494315715324336,0.03333333333333333,0.0029146160362097055,-0.0005561805416658022,8.333333333333332,0.011203839099589413,-0.012106624502666176
88,170625_fly2_LDM_010,151,4,11829.31,True,170625_fly2_LDM_009,1,exact_consistent,170625_fly2_LDM_010,151,False,F,171,169,1.0408340855860843e-17,0.6246418834351205,primary_selected,0.005077652165306612,0.577441766134746,0.7813424026101996,0.004903086674579772,0.6059967395381652,0.7979476388169756,0.006055900155684903,0.398939640000776,0.6680041500592538,0.007846567178945009,-0.009067152843792448,,0.004672462415290136,0.6421901368489815,0.8186147070384401,0.004658942010319839,0.6083100168690642,0.7981116129312961,0.019784561794759112,0.03333333333333333,0.014730742940285927,-0.0018686023739647112,0.026718681282901488,0.025,0.009080836311524936,-0.0005561805416658022,-8.333333333333332,0.006934119488142376,-0.005649906628760991,0.00513563795660874,0.5908080582921602,0.8053888113159025,0.028676192175482472,0.03333333333333333,0.012062686889365574,0.006204410675886533,0.046494315715324336,0.03333333333333333,0.0029146160362097055,-0.0005561805416658022,0.0,0.017818123539841864,-0.009148070853155868
89,170625_fly2_LDM_010,151,5,11829.31,True,170625_fly2_LDM_009,1,exact_consistent,170625_fly2_LDM_010,151,False,F,171,169,1.3877787807814457e-17,0.6276054623628935,primary_selected,0.00574252499214379,0.5316476389536615,0.7442625002108199,0.0056123022813504364,0.5526483592090956,0.7574329884513056,0.005297308287154396,0.6014549471891952,0.779816814633276,0.00841653333869157,-0.006082099717930722,,0.005502290349443056,0.5700143780155263,0.7686406986875851,0.005379600378249627,0.5599278722057826,0.7856987255902788,0.02940006292134271,0.03333333333333333,0.013993358577410736,-0.0039044713577349546,0.026718681282901488,0.025,0.009080836311524936,-0.0005561805416658022,-8.333333333333332,-0.0026813816384412235,-0.0049125222658858,0.005835732478861512,0.48951273523863303,0.8283443072800949,0.04031239897708661,0.025,0.005829165786206606,0.002609888988310062,0.046494315715324336,0.03333333333333333,0.0029146160362097055,-0.0005561805416658022,8.333333333333332,0.0061819167382377235,-0.0029145497499969003
90,170625_fly2_LDM_010,151,6,11829.31,True,170625_fly2_LDM_009,1,exact_consistent,170625_fly2_LDM_010,151,False,F,171,169,3.469446951953614e-18,0.36347968416068505,primary_selected,0.005539978892504254,-0.1875145976724082,0.6546072136311307,0.005565971009816057,-0.19868374720711657,0.6576894437541505,0.005196459633987305,-0.04481128056229644,0.6465262255805865,0.005083962796641733,-6.324129162349479e-05,,0.00543814571366109,-0.14425921149100573,0.6853551800033756,0.005198554070317792,-0.05412106725384036,0.6042943482095827,0.012039939532321398,0.03333333333333333,0.0137191431204487,-0.002113952367435566,0.026718681282901488,0.025,0.009080836311524936,-0.0005561805416658022,-8.333333333333332,0.01467874175058009,-0.004638306808923763,0.005910592368130954,-0.35994521598292173,0.7281233390334734,0.01708857317700091,0.03333333333333333,0.0034714161073065982,0.0024926036323326232,0.046494315715324336,0.03333333333333333,0.0029146160362097055,-0.0005561805416658022,0.0,0.029405742538323426,-0.0005568000710968928
91,170625_fly2_LDM_010,151,7,11829.31,True,170625_fly2_LDM_009,1,exact_consistent,170625_fly2_LDM_010,151,False,F,171,169,6.938893903907228e-18,0.48126812690945786,primary_selected,0.0063135041683991516,0.023058345700942895,0.5839382652712536,0.006383349064773842,0.001323404935095196,0.5795567881959796,0.005703206180281716,0.20280268228857157,0.6252230199095282,0.006395745083345787,-0.002559081724200718,,0.006374799094678654,0.003996903289506415,0.5873357493644887,0.005897590385143656,0.1526419386240292,0.608402933135683,0.01925407449112921,0.03333333333333333,0.015213463194896942,-0.002031855289206046,0.026718681282901488,0.025,0.009080836311524936,-0.0005561805416658022,-8.333333333333332,0.007464606791772278,-0.006132626883372006,0.006834670307670976,-0.34566356892193206,0.6569591288288277,0.024210314166892684,0.025,0.0103180514654305,0.006463518084425828,0.046494315715324336,0.03333333333333333,0.0029146160362097055,-0.0005561805416658022,8.333333333333332,0.022284001548431652,-0.007403435429220794
92,170625_fly2_LDM_010,151,8,11829.31,False,170625_fly2_LDM_009,1,exact_consistent,170625_fly2_LDM_010,151,False,F,171,169,5.204170427930421e-18,-0.15154049261978167,secondary_author_excluded,0.00896791728729879,-0.32072623248345433,0.2992760041041087,0.00885587723314244,-0.2879315754976248,0.32218982478772207,0.008894496362685788,-0.299189014302647,0.2605840945411871,0.007813288177649218,-0.0025298242070739274,,0.008813042194015979,-0.2755025014859762,0.3358483934019335,0.008769843883381574,-0.11188201188702074,0.2977675606193035,0.014162047167860431,0.041666666666666664,0.016319165412890975,0.002309367285502615,0.026718681282901488,0.025,0.009080836311524936,-0.0005561805416658022,-16.666666666666664,0.012556634115041057,-0.007238329101366039,0.008941082786670525,-0.6320937178054249,0.3469869618396242,0.015226192061663195,0.041666666666666664,0.010773726019262679,0.00016344335583695028,0.046494315715324336,0.03333333333333333,0.0029146160362097055,-0.0005561805416658022,-8.333333333333332,0.03126812365366114,-0.007859109983052974
93,170625_fly2_LDM_014,151,1,11832.32,False,170625_fly2_LDM_012,1,exact_consistent,170625_fly2_LDM_014,151,False,F,168,174,1.3877787807814457e-17,0.5219084558328735,secondary_author_excluded,0.0069467637707411704,-0.10465043780311212,0.510242553220374,0.006920113137958808,-0.09619091250715961,0.5192092383657235,0.006118393205781622,0.1430912535440546,0.5845182989017341,0.006637493589646963,-0.008481735164336923,,0.007069188996149834,-0.14392879771356082,0.5049608482817473,0.0071467967846922794,-0.7673540295400416,0.32185324345709015,0.0163639337535443,0.05,0.01192137369716374,-0.000579881099261381,0.026718681282901488,0.025,0.009080836311524936,-0.0005561805416658022,-25.0,0.010354747529357188,-0.0028405373856388045,0.0066857480810012795,0.19819075748680037,0.6592316161068832,0.03341881014590082,0.041666666666666664,0.006728916197437133,8.732539675871439e-05,0.046494315715324336,0.03333333333333333,0.0029146160362097055,-0.0005561805416658022,-8.333333333333332,0.013075505569423516,-0.0038143001612274277
94,170625_fly2_LDM_014,151,2,11832.32,False,170625_fly2_LDM_012,1,exact_consistent,170625_fly2_LDM_014,151,False,F,168,174,5.551115123125783e-17,0.537261663462934,secondary_author_excluded,0.01455708489673776,0.06259411551541338,0.3142601684923242,0.014623910615757487,0.05396785460065223,0.3069233634427575,0.013224739428816953,0.22633474497034667,0.48363946587537204,0.015082877899301302,-0.006345888134665856,,0.014758947427398843,0.03641591733369287,0.291381519769508,0.015445143632937561,-1.0288654255133105,0.2789430306555177,0.03891846362278505,0.041666666666666664,0.011113093541210857,-0.004569757080856915,0.026718681282901488,0.025,0.009080836311524936,-0.0005561805416658022,-16.666666666666664,-0.012199782339883565,-0.0020322572296859204,0.013753729005373682,-0.1497687202298701,0.5534581164197059,0.05575834439981373,0.03333333333333333,0.012532425759714385,0.00543873241721234,0.046494315715324336,0.03333333333333333,0.0029146160362097055,-0.0005561805416658022,0.0,-0.009264028684489396,-0.00961780972350468
95,170625_fly2_LDM_014,151,3,11832.32,False,170625_fly2_LDM_012,1,exact_consistent,170625_fly2_LDM_014,151,False,F,168,174,2.0816681711721685e-17,0.4792366997327073,secondary_author_excluded,0.009051251755512458,0.04603171979758858,0.4248093204419403,0.008889732179763674,0.07977505977031119,0.4492559114940764,0.00987063370898266,-0.13450579047458167,0.272479454199539,0.009273458654609542,-0.0013827942668536153,,0.008830880003170888,0.09191895175301745,0.4607981169219057,0.009258220237603887,-1.249319605378226,0.2118538464847836,0.01047111803234553,0.0,0.02619085302706923,-0.000921802196773948,0.026718681282901488,0.025,0.009080836311524936,-0.0005561805416658022,25.0,0.016247563250555958,-0.017110016715544293,0.008505294497421793,0.07641357840585505,0.6425627604743964,0.03542517007578573,0.041666666666666664,0.011155667287168172,-0.002281921906481836,0.046494315715324336,0.03333333333333333,0.0029146160362097055,-0.0005561805416658022,-8.333333333333332,0.011069145639538605,-0.008241051250958467
96,170625_fly2_LDM_014,151,4,11832.32,False,170625_fly2_LDM_012,1,exact_consistent,170625_fly2_LDM_014,151,False,F,168,174,2.0816681711721685e-17,0.623851084972285,secondary_author_excluded,0.006323051070562846,0.4465706026595644,0.6964524076980575,0.006189968351568462,0.4696217543840595,0.7113098037991421,0.006163421091597784,0.47416132400451605,0.7028523832865261,0.008548733360156753,-0.011608309727053179,,0.006316376306445187,0.4477384125977596,0.7007032218752702,0.006755636803894547,-0.16622018761868418,0.4126345230031295,0.021916810353433857,0.05,0.013580957156264735,0.00405178532676118,0.026718681282901488,0.025,0.009080836311524936,-0.0005561805416658022,-25.0,0.004801870929467631,-0.004500120844739799,0.005567116646946052,0.7057477241377547,0.8510590374412291,0.05108301970590502,0.03333333333333333,0.007839983413744447,0.0005407268260822292,0.046494315715324336,0.03333333333333333,0.0029146160362097055,-0.0005561805416658022,0.0,-0.0045887039905806865,-0.004925367377534741
97,170625_fly2_LDM_014,151,5,11832.32,False,170625_fly2_LDM_012,1,exact_consistent,170625_fly2_LDM_014,151,False,F,168,174,6.938893903907228e-18,0.6992340062083506,secondary_author_excluded,0.005388120187115154,0.46854472479428233,0.7336872402690048,0.00516827472285226,0.5110287161409771,0.75730701770786,0.005785453590073264,0.38727302354343185,0.6707537472625251,0.007406314049119126,-0.0041449768382282315,,0.005273503104779076,0.4909146666693526,0.7501682571746053,0.005885185476552214,-0.09832179051938916,0.5387102508924776,0.013653841304445972,0.041666666666666664,0.014187556155906639,-0.0018854311462605305,0.026718681282901488,0.025,0.009080836311524936,-0.0005561805416658022,-16.666666666666664,0.013064839978455516,-0.005106719844381703,0.004334364904842012,0.7414808306329685,0.8709234268060588,0.04114776234551382,0.03333333333333333,0.006398720451843926,-0.00210956766036863,0.046494315715324336,0.03333333333333333,0.0029146160362097055,-0.0005561805416658022,0.0,0.0053465533698105125,-0.0034841044156342206
98,170625_fly2_LDM_014,151,6,11832.32,False,170625_fly2_LDM_012,1,exact_consistent,170625_fly2_LDM_014,151,False,F,168,174,1.0408340855860843e-17,0.6801510772679835,secondary_author_excluded,0.005090339480624668,0.44936548403706866,0.7458060713950403,0.004802532505091644,0.5098708152121045,0.7767081965413399,0.00445612590076777,0.5780268258529542,0.7874567208837523,0.006872600148951226,-0.003718876451402897,,0.00495123281649275,0.47904929060753454,0.7660313575901588,0.005261047871144739,0.0117398306841211,0.6506753498822082,0.020300194461860332,0.03333333333333333,0.011099146396185082,-0.0008990454728034206,0.026718681282901488,0.025,0.009080836311524936,-0.0005561805416658022,-8.333333333333332,0.006418486821041156,-0.002018310084660146,0.0042953477417372226,0.7112958639943652,0.8737374622418471,0.04285949419678112,0.03333333333333333,0.007332771328712087,0.0013440208098798073,0.046494315715324336,0.03333333333333333,0.0029146160362097055,-0.0005561805416658022,0.0,0.0036348215185432187,-0.004418155292502382
99,170625_fly2_LDM_014,151,7,11832.32,False,170625_fly2_LDM_012,1,exact_consistent,170625_fly2_LDM_014,151,False,F,168,174,1.3877787807814457e-17,0.42117775982061995,secondary_author_excluded,0.005748271241110318,0.11319410102120864,0.671646924720386,0.005646245711699015,0.14439440631773814,0.6889592281182518,0.004910741829604232,0.35278544825777647,0.7390048601298471,0.006282755714345312,-0.05938645388061836,,0.005784100480177719,0.10210464392406926,0.6776793976833048,0.006741936724859702,-0.7774012786665248,0.4691539647122613,0.019809736052073174,0.03333333333333333,0.005528191150819569,0.0012095402937714926,0.026718681282901488,0.025,0.009080836311524936,-0.0005561805416658022,-8.333333333333332,0.0069089452308283145,0.0035526451607053675,0.004278606136552773,0.5988021474561112,0.8627111688557202,0.03842105896259967,0.03333333333333333,0.010707919403301944,0.0006930316258533328,0.046494315715324336,0.03333333333333333,0.0029146160362097055,-0.0005561805416658022,0.0,0.008073256752724668,-0.007793303367092238
100,170625_fly2_LDM_014,151,8,11832.32,False,170625_fly2_LDM_012,1,exact_consistent,170625_fly2_LDM_014,151,False,F,168,174,4.163336342344337e-17,0.6116222152384088,secondary_author_excluded,0.007690172534103403,0.432189325597752,0.7033508001521815,0.007372722939144079,0.478100100722448,0.7354932684718116,0.00788553868349903,0.40297279865356794,0.6827538326898437,0.010520596715150904,-0.06270355107258196,,0.007335441438577507,0.4833649172915899,0.7390004017230222,0.007321565410874627,0.10817446306615308,0.5151280821506041,0.02910244422304202,0.041666666666666664,0.011464329105314133,0.004446489390281751,0.026718681282901488,0.025,0.009080836311524936,-0.0005561805416658022,-16.666666666666664,-0.0023837629401405325,-0.0023834927937891968,0.00742352793549313,0.6280232658934155,0.8429460401512091,0.05234702734131079,0.03333333333333333,0.017161375212938843,0.0040269001761650105,0.046494315715324336,0.03333333333333333,0.0029146160362097055,-0.0005561805416658022,0.0,-0.005852711625986454,-0.014246759176729138
101,170625_fly2_LDM_014,151,9,11832.32,True,170625_fly2_LDM_012,1,exact_consistent,170625_fly2_LDM_014,151,False,F,168,174,2.7755575615628914e-17,0.43084775091503374,primary_selected,0.009512206795756862,0.42923413744391625,0.6866419645782446,0.009186116349349181,0.4676965179353596,0.7187233163919001,0.010118531067549971,0.3541519354257513,0.6276504496893441,0.012786553277037439,-0.03134129805980512,,0.009163194488987215,0.470349687726192,0.7194913484163805,0.009325665939943625,0.24150695954122292,0.6051425003904791,0.040149267217268136,0.03333333333333333,0.017043036817965058,0.007426347548362362,0.026718681282901488,0.025,0.009080836311524936,-0.0005561805416658022,-8.333333333333332,-0.013430585934366648,-0.007962200506440122,0.00904441385298882,0.5776944490787916,0.7827991579636635,0.05742547192664789,0.03333333333333333,0.01065268120935048,0.0020689315397442692,0.046494315715324336,0.03333333333333333,0.0029146160362097055,-0.0005561805416658022,0.0,-0.010931156211323553,-0.007738065173140775
102,170625_fly2_LDM_016,151,1,11837.98,False,170625_fly2_LDM_015,1,exact_consistent,170625_fly2_LDM_016,151,False,F,169,195,1.0408340855860843e-17,0.4145952416761128,secondary_author_excluded,0.008324978829738419,-0.10755658104779675,0.4083752134482634,0.008146714135931085,-0.06063169546291247,0.43799281380166327,0.00862714661355913,-0.1894166230655181,0.319481533035891,0.007938788116174484,-0.00718226124791399,,0.00824422537119992,-0.08617388668992643,0.430163731983778,0.008325978987834819,-0.8101262154927933,0.12388847525136382,0.016836941848833713,0.058333333333333334,0.017331487291182383,0.002630313776173961,0.026718681282901488,0.025,0.009080836311524936,-0.0005561805416658022,-33.333333333333336,0.009881739434067775,-0.008250650979657447,0.007963414865451367,0.11714376359053069,0.6114825536766147,0.04363355298644786,0.03333333333333333,0.005849025086145465,-0.00795140977772715,0.046494315715324336,0.03333333333333333,0.0029146160362097055,-0.0005561805416658022,0.0,0.002860762728876476,-0.0029344090499357593
103,170625_fly2_LDM_016,151,2,11837.98,False,170625_fly2_LDM_015,1,exact_consistent,170625_fly2_LDM_016,151,False,F,169,195,6.938893903907228e-18,0.20531332983990197,secondary_author_excluded,0.007456895089629038,-1.2499432613949222,0.3669715405507954,0.007278544765251283,-1.1436042770961539,0.41209983099273956,0.006707214057539773,-0.8202868590579657,0.43591864702420097,0.005359573569069399,-0.1622939402305097,,0.007311584111098376,-1.1631092821988518,0.4179192740236947,0.007373687074692242,-2.1420556420418975,0.14462845148864625,0.020648327065167348,0.058333333333333334,0.0038317807381151544,0.0026428614697361287,0.026718681282901488,0.025,0.009080836311524936,-0.0005561805416658022,-33.333333333333336,0.00607035421773414,0.005249055573409782,0.007182142209957294,-0.605862481685469,0.557847470439227,0.025882385850637454,0.041666666666666664,0.008391434353814764,-6.454186930904499e-05,0.046494315715324336,0.03333333333333333,0.0029146160362097055,-0.0005561805416658022,-8.333333333333332,0.020611929864686882,-0.005476818317605058
104,170625_fly2_LDM_016,151,3,11837.98,True,170625_fly2_LDM_015,1,exact_consistent,170625_fly2_LDM_016,151,False,F,169,195,1.3877787807814457e-17,0.3860650422104028,primary_selected,0.006255907024534206,0.0004961779516751141,0.5852809238175051,0.006005240344916045,0.07898930094378864,0.6236848423625905,0.0058608984846958995,0.12273200345457491,0.5962380591927812,0.006259786403472839,-0.0007438201154195134,,0.006105927016131704,0.04784619834601367,0.6170448152053544,0.006167986025162532,-0.37527650917546107,0.4276193228898287,0.017346663063322883,0.041666666666666664,0.011145505338525966,-0.001204484872770596,0.026718681282901488,0.025,0.009080836311524936,-0.0005561805416658022,-16.666666666666664,0.009372018219578605,-0.0020646690270010298,0.005837959540268711,0.31413491739007426,0.7274078802511208,0.03439723270939873,0.03333333333333333,0.008981659986309225,0.00014994328430026758,0.046494315715324336,0.03333333333333333,0.0029146160362097055,-0.0005561805416658022,0.0,0.012097083005925609,-0.006067043950099519
105,170625_fly2_LDM_016,151,4,11837.98,False,170625_fly2_LDM_015,1,exact_consistent,170625_fly2_LDM_016,151,False,F,169,195,6.938893903907228e-18,0.299014410102962,secondary_author_excluded,0.007982930079935233,-0.15025923170990674,0.429288673932479,0.007736700449126519,-0.08039518704472193,0.46922900209589596,0.007420964575204441,0.005987619709487024,0.47155327375385653,0.007544783363303875,-0.027459294166982895,,0.007776931022504675,-0.09166043536789714,0.4696292391204573,0.008251128377164114,-0.456519214189687,0.24723013437008762,0.030549755235557266,0.041666666666666664,0.004492843349741744,0.0074996900079225114,0.026718681282901488,0.025,0.009080836311524936,-0.0005561805416658022,-16.666666666666664,-0.003831073952655778,0.004587992961783192,0.007185537431715602,0.19264716218407174,0.6174382914739162,0.03936284374396812,0.03333333333333333,0.006138403254617099,-0.00756927720819851,0.046494315715324336,0.03333333333333333,0.0029146160362097055,-0.0005561805416658022,0.0,0.007131471971356218,-0.0032237872184073934
106,170625_fly2_LDM_016,151,5,11837.98,False,170625_fly2_LDM_015,1,exact_consistent,170625_fly2_LDM_016,151,False,F,169,195,5.204170427930421e-18,-0.058716576849944475,secondary_author_excluded,0.0060187431084401145,0.13465210957518647,0.6471958423027419,0.005826855790483642,0.18894993296420637,0.6750421342103129,0.005798539294814778,0.19681362237384326,0.6394354635106316,0.006628612957394542,-0.04960151228079068,,0.005955585442388353,0.15271787503127465,0.6647254620715652,0.006190465892238524,-0.16870424888207936,0.48409033582995625,0.019617579545333295,0.03333333333333333,0.008951941189758911,0.0027320119325906856,0.026718681282901488,0.025,0.009080836311524936,-0.0005561805416658022,-8.333333333333332,0.007101101737568193,0.00012889512176602475,0.005438991528143519,0.4072731287415424,0.786744121042299,0.03164539023790015,0.03333333333333333,0.007984576439026262,-0.0010188358168781698,0.046494315715324336,0.03333333333333333,0.0029146160362097055,-0.0005561805416658022,0.0,0.014848925477424182,-0.005069960402816556
107,170625_fly2_LDM_016,151,6,11837.98,False,170625_fly2_LDM_015,1,exact_consistent,170625_fly2_LDM_016,151,False,F,169,195,3.469446951953614e-18,0.03820276502187457,secondary_author_excluded,0.006724643969823953,-0.5831662850175283,0.4816674550427051,0.006503891058536641,-0.48092974763242013,0.5263369443911589,0.005917967864796586,-0.22612047792192813,0.5521279439192144,0.005416043587861326,-0.02695695952673738,,0.006558598265378787,-0.5059480842152368,0.5272083339095104,0.007273697612126315,-1.2246983701813354,0.1754733545417584,0.013708179594262283,0.058333333333333334,0.006829515810315537,0.002357107639551833,0.026718681282901488,0.025,0.009080836311524936,-0.0005561805416658022,-33.333333333333336,0.013010501688639205,0.002251320501209399,0.005629788703847923,0.04752497293417368,0.7455592082740858,0.022700939692727407,0.03333333333333333,0.006640878643864226,0.0007451731685173829,0.046494315715324336,0.03333333333333333,0.0029146160362097055,-0.0005561805416658022,0.0,0.02379337602259693,-0.0037262626076545206
108,170625_fly2_LDM_016,151,7,11837.98,True,170625_fly2_LDM_015,1,exact_consistent,170625_fly2_LDM_016,151,False,F,169,195,3.469446951953614e-18,0.34771072197860636,primary_selected,0.005026786829163237,0.15098597158153326,0.7298719594775801,0.004817793868661674,0.22011537525735358,0.7607363702856855,0.005058585986616114,0.1402103706460326,0.6779549636611432,0.005476082013418386,-0.007566725859526668,,0.00486973537360379,0.20320857256582736,0.7613945012246986,0.004998661101737852,-0.0019366488836733975,0.6189011243313075,0.019580532472891096,0.041666666666666664,0.012033631912668452,0.0008598954533947124,0.026718681282901488,0.025,0.009080836311524936,-0.0005561805416658022,-16.666666666666664,0.0071381488100103925,-0.0029527956011435163,0.004629866381635754,0.35878057902923377,0.8534211734626915,0.0335769083624255,0.03333333333333333,0.0026817161260326216,-0.003955648060919232,0.046494315715324336,0.03333333333333333,0.0029146160362097055,-0.0005561805416658022,0.0,0.012917407352898834,0.00023289991017708383
109,170625_fly2_LDM_016,151,8,11837.98,True,170625_fly2_LDM_015,1,exact_consistent,170625_fly2_LDM_016,151,False,F,169,195,1.0408340855860843e-17,0.31290195495861745,primary_selected,0.005844580691203424,-0.14245647891053337,0.6296394841025683,0.005691854377250784,-0.08352892101260068,0.6575283858123937,0.006024835621300043,-0.2140130401222935,0.5446996185432085,0.005566175505045605,-0.03620751728301541,,0.005770257753337393,-0.1135850027934624,0.6544973203867086,0.005651037077014057,-0.29632844201293596,0.5043492927702246,0.011513509017906364,0.041666666666666664,0.014693600817042326,-0.0018081587099292808,0.026718681282901488,0.025,0.009080836311524936,-0.0005561805416658022,-16.666666666666664,0.015205172264995124,-0.005612764505517389,0.005732381046116024,-0.04091722954793764,0.767903554485158,0.029206107935861408,0.03333333333333333,0.005648121010220031,-0.001847676280998644,0.046494315715324336,0.03333333333333333,0.0029146160362097055,-0.0005561805416658022,0.0,0.017288207779462928,-0.002733504974010326
110,170519_fly1_LDM_003,79,1,11851.29,False,170519_fly1_LDM,1,exact_consistent,170519_fly1_LDM_003,379,False,F,400,414,2.42861286636753e-17,0.4760856336375507,secondary_author_excluded,0.011102431270265039,0.3985997272740134,0.6668068833832438,0.010860350855753612,0.4245399942590308,0.6973223393115402,0.011941817908048033,0.3042257956805301,0.5854397244233033,0.014475337629737529,-0.022315248043617952,,0.010862782948442971,0.42428222564670615,0.69465464832307,0.010911443491604543,0.15091447876827424,0.6398379001351338,0.032651259435202716,0.041666666666666664,0.02590391049738459,0.004884883093103385,0.02610364046131009,0.025,0.008695811927259394,-0.0004275908000758381,-16.666666666666664,-0.006547618973892624,-0.017208098570125195,0.010809016715208524,0.5034682043720193,0.7503123227465215,0.06992432122950722,0.03333333333333333,0.02257509165957228,-0.007189237643118704,0.04507813214958971,0.03333333333333333,0.0028594698741538187,-0.0004275908000758381,0.0,-0.024846189079917508,-0.019715621785418462
111,170519_fly1_LDM_003,79,2,11851.29,False,170519_fly1_LDM,1,exact_consistent,170519_fly1_LDM_003,379,False,F,400,414,6.938893903907228e-18,0.5561054226907528,secondary_author_excluded,0.005743141888801904,0.5172913746354687,0.7396687559091029,0.005529283121367419,0.5525715212654406,0.7570888674466589,0.006425055290183768,0.39585705852407704,0.6519793813077541,0.008304114762497988,-0.009189334578749708,,0.005566071420444326,0.5465979113398988,0.7550543292831298,0.0055617738434515195,0.44302779106400547,0.7088745371582836,0.026734559512177437,0.025,0.013973652804251415,0.004443722444871345,0.02610364046131009,0.025,0.008695811927259394,-0.0004275908000758381,0.0,-0.0006309190508673457,-0.005277840876992021,0.005496600348103888,0.6099634256331946,0.7915342205882777,0.04054289782217996,0.03333333333333333,0.015428068587417035,-0.0013565713334394915,0.04507813214958971,0.03333333333333333,0.0028594698741538187,-0.0004275908000758381,0.0,0.004535234327409751,-0.012568598713263216
112,170519_fly1_LDM_003,79,3,11851.29,False,170519_fly1_LDM,1,exact_consistent,170519_fly1_LDM_003,379,False,F,400,414,1.0408340855860843e-17,0.5665229070478426,secondary_author_excluded,0.005587880769378371,0.610287602191964,0.7828887447083096,0.005265110744795924,0.6540088571382312,0.8095489518990907,0.006875343473229533,0.41001800402886546,0.6469970042592815,0.008956553927975733,-0.0012253817303131687,,0.005318382827626256,0.6469720007479228,0.8051115331269296,0.004540171851060406,0.6216743010891992,0.8495283200933096,0.026452055094685737,0.03333333333333333,0.0152300876759443,0.0016606352393372448,0.02610364046131009,0.025,0.008695811927259394,-0.0004275908000758381,-8.333333333333332,-0.00034841463337564535,-0.006534275748684907,0.005901662636305949,0.5970732328269838,0.8358392506258553,0.05039797487361171,0.03333333333333333,0.015315855500074535,-0.005537976832917542,0.04507813214958971,0.03333333333333333,0.0028594698741538187,-0.0004275908000758381,0.0,-0.005319842724022,-0.012456385625920717
113,170519_fly1_LDM_003,79,4,11851.29,True,170519_fly1_LDM,1,exact_consistent,170519_fly1_LDM_003,379,False,F,400,414,1.3877787807814457e-17,0.5572509445548935,primary_selected,0.006703715259400776,0.6158651118222154,0.7941827502387901,0.00655770285622232,0.6324164209892114,0.8099365837694628,0.0078104060079668474,0.4785653888728195,0.6987606035802336,0.010822539290590677,-0.0011772591339107574,,0.006631722098298312,0.6240714827070452,0.8019002669434527,0.006498707435814828,0.5855220241899995,0.8008844399936493,0.03418661593940069,0.025,0.02344375077084772,-0.000766054265636037,0.02610364046131009,0.025,0.008695811927259394,-0.0004275908000758381,0.0,-0.008082975478090601,-0.014747938843588325,0.006616172244183023,0.6603300323117725,0.8205003792436942,0.05532731216199598,0.03333333333333333,0.016683863350293458,-0.0028854871930333657,0.04507813214958971,0.03333333333333333,0.0028594698741538187,-0.0004275908000758381,0.0,-0.010249180012406274,-0.013824393476139639
114,170519_fly1_LDM_003,79,5,11851.29,True,170519_fly1_LDM,1,exact_consistent,170519_fly1_LDM_003,379,False,F,400,414,2.0816681711721685e-17,0.4348393805891478,primary_selected,0.008070438342189675,0.5119425960680428,0.7210782869133979,0.00790877078523137,0.5313003432649632,0.7391530753637259,0.008540060499219154,0.4534894471425981,0.6836053080144994,0.011554524941470566,-0.0004165012096783993,,0.008004392915614379,0.5198980658419006,0.728600917004612,0.007583158018701355,0.44752138824102305,0.6764221607617589,0.025727889937489836,0.025,0.02490029426678018,-0.0061981096951263075,0.02610364046131009,0.025,0.008695811927259394,-0.0004275908000758381,0.0,0.0003757505238202556,-0.016204482339520786,0.008221497742507978,0.5845576847515208,0.7822555493847465,0.05325670246174763,0.03333333333333333,0.024879948361284484,0.0034678999877379366,0.04507813214958971,0.03333333333333333,0.0028594698741538187,-0.0004275908000758381,0.0,-0.00817857031215792,-0.022020478487130665
115,170519_fly1_LDM_003,79,6,11851.29,True,170519_fly1_LDM,1,exact_consistent,170519_fly1_LDM_003,379,False,F,400,414,6.938893903907228e-18,0.5402750744689598,primary_selected,0.0072420516113049106,0.5718922270075913,0.7738796800945037,0.007086492440389098,0.5900862008165048,0.7913808285825248,0.0083956077238993,0.4246472953472218,0.6671008441646752,0.011150166676271011,-0.01482837311714813,,0.00720343039940278,0.576446172387604,0.7791854396256352,0.007324551096556265,0.3477970309227235,0.6891759744741243,0.024389792793921193,0.025,0.02688172088917375,-0.0017205192385540149,0.02610364046131009,0.025,0.008695811927259394,-0.0004275908000758381,0.0,0.0017138476673888986,-0.018185908961914354,0.006840153612991456,0.6915637822665994,0.8561042472634753,0.057833405392564013,0.03333333333333333,0.021603829054397315,0.0003846166451587354,0.04507813214958971,0.03333333333333333,0.0028594698741538187,-0.0004275908000758381,0.0,-0.012755273242974305,-0.018744359180243496
116,170519_fly1_LDM_003,79,7,11851.29,True,170519_fly1_LDM,1,exact_consistent,170519_fly1_LDM_003,379,False,F,400,414,1.3877787807814457e-17,0.6373092194918099,primary_selected,0.005666330944480942,0.6037623327680502,0.779364324315603,0.005512465141663042,0.624989352684135,0.7923368063722858,0.00691386673434064,0.4100789484372014,0.6476487984608748,0.00901430373305029,-0.0028044689270976253,,0.005550474187793532,0.6198000454086339,0.7891784220861126,0.005517697498600797,0.48116170870787156,0.7768675524447206,0.026276294344837553,0.025,0.013928121924639282,0.004434779463738605,0.02610364046131009,0.025,0.008695811927259394,-0.0004275908000758381,0.0,-0.0001726538835274613,-0.005232309997379888,0.005507227813522405,0.6593627272266122,0.832724359877638,0.04532686984706188,0.03333333333333333,0.018763296519564866,-0.0032241833924853648,0.04507813214958971,0.03333333333333333,0.0028594698741538187,-0.0004275908000758381,0.0,-0.00024873769747216917,-0.015903826645411047
117,170519_fly1_LDM_007,79,1,11845.14,False,170519_fly1_LDM_004,1,exact_consistent,170519_fly1_LDM_007,379,False,F,182,187,1.0408340855860843e-17,0.34901417028165943,secondary_author_excluded,0.009020207083075391,-0.1431051235803602,0.4590882872191344,0.008939474170071508,-0.12273459010145027,0.4597901411640775,0.009839177870487782,-0.3600998060084908,0.27589405456672356,0.00918260211093963,-0.18463535011388976,,0.0089976847353846,-0.1374038643429356,0.45607629534704425,0.006916923402303527,0.00020390592077557113,0.4341870555097492,0.012267536414620896,0.016666666666666666,0.017537171802619853,-0.005718704991839635,0.02610364046131009,0.025,0.008695811927259394,-0.0004275908000758381,8.333333333333336,0.013836104046689196,-0.00884135987536046,0.010582276103061063,-0.9323852852539665,0.5405411891018693,0.008952997294588353,0.03333333333333333,0.03456100079100397,0.009990284003054862,0.04507813214958971,0.03333333333333333,0.0028594698741538187,-0.0004275908000758381,0.0,0.03612513485500136,-0.03170153091685016
118,170519_fly1_LDM_007,79,2,11845.14,False,170519_fly1_LDM_004,1,exact_consistent,170519_fly1_LDM_007,379,False,F,182,187,6.938893903907228e-18,0.427056338468895,secondary_author_excluded,0.008606053201764684,-0.4568065363875278,0.3487370944840144,0.008512032260058507,-0.4251492550849161,0.3469198365827141,0.009499599016599107,-0.7750245990202111,0.10228471248425841,0.007535599165117158,-0.11693887553243365,,0.00849750077486696,-0.4202874647823722,0.3574725454452405,0.006397470950054524,-0.8084342766930386,0.342316236403737,0.005215749201909257,0.008333333333333333,0.01881893392798816,-0.008298279907467355,0.02610364046131009,0.025,0.008695811927259394,-0.0004275908000758381,16.66666666666667,0.020887891259400833,-0.010123122000728768,0.010197144298074924,-1.4402303236702765,0.406760431260525,0.004085181206598983,0.008333333333333333,0.028493796382613824,0.011399022422579183,0.04507813214958971,0.03333333333333333,0.0028594698741538187,-0.0004275908000758381,25.0,0.04099295094299073,-0.025634326508460006
119,170519_fly1_LDM_007,79,3,11845.14,False,170519_fly1_LDM_004,1,exact_consistent,170519_fly1_LDM_007,379,False,F,182,187,5.204170427930421e-18,0.33307815073424046,secondary_author_excluded,0.007178316519981418,-1.3490522063243993,0.3920163095161946,0.007180451850249413,-1.3504499569856194,0.3618715377498965,0.007596908025880797,-1.631002117193598,0.16401861052896594,0.0049765368434261095,-0.1290207086410735,,0.007240777418389197,-1.3901098156854435,0.3634866991662517,0.00573135951200534,-0.7930067827086114,0.423028193863605,0.005137156004358672,0.016666666666666666,0.01889936671171713,-0.0074109400161249325,0.02610364046131009,0.025,0.008695811927259394,-0.0004275908000758381,8.333333333333336,0.02096648445695142,-0.010203554784457737,0.008382678312547033,-2.501098675369574,0.32443599698958514,0.004057931767295687,0.008333333333333333,0.015359519021502125,0.005824820322745059,0.04507813214958971,0.03333333333333333,0.0028594698741538187,-0.0004275908000758381,25.0,0.04102020038229402,-0.012500049147348306
120,170519_fly1_LDM_007,79,4,11845.14,False,170519_fly1_LDM_004,1,exact_consistent,170519_fly1_LDM_007,379,False,F,182,187,1.214306433183765e-17,0.33930693014713914,secondary_author_excluded,0.007658037452257307,-0.7514223749347011,0.38295319815651985,0.0077031276566360204,-0.7721076967888376,0.3519810023988709,0.008337177820054198,-1.0758408336295844,0.14418225578296912,0.006117923699755642,-0.1177998175307684,,0.0077526246625429125,-0.79495447681786,0.353816069669786,0.0062441265592387725,-0.3546888439022735,0.40144678129193573,0.0014102293449476857,0.0,0.02363933195908756,-0.01038897978027664,0.02610364046131009,0.025,0.008695811927259394,-0.0004275908000758381,25.0,0.024693411116362404,-0.014943520031828165,0.00892677068715616,-1.8304497682866336,0.32675273365576385,0.005651964156683583,0.008333333333333333,0.016648551428285634,0.005463835870178823,0.04507813214958971,0.03333333333333333,0.0028594698741538187,-0.0004275908000758381,25.0,0.03942616799290612,-0.013789081554131815
121,170519_fly1_LDM_007,79,5,11845.14,False,170519_fly1_LDM_004,1,exact_consistent,170519_fly1_LDM_007,379,False,F,182,187,6.938893903907228e-18,0.15937249469057962,secondary_author_excluded,0.009697811313020626,-0.28433899630914294,0.34416864614991693,0.009842577408862322,-0.32296966897874535,0.3073531675236069,0.010522490466401701,-0.5120609277703707,0.14024813747509776,0.009134673612720502,-0.13951036022003982,,0.009775232603106698,-0.3049275792552464,0.32460238209203024,0.008084767583389675,-0.051086529457996965,0.3470019031655893,0.00363572511334535,0.016666666666666666,0.038346040996679195,-0.011584249634551458,0.02610364046131009,0.025,0.008695811927259394,-0.0004275908000758381,8.333333333333336,0.022467915347964742,-0.029650229069419803,0.011330895517189514,-1.182593008591148,0.2858837534412039,0.013879623512232266,0.016666666666666666,0.027337762014926742,0.0053278470765775274,0.04507813214958971,0.03333333333333333,0.0028594698741538187,-0.0004275908000758381,16.666666666666668,0.031198508637357444,-0.024478292140772923
122,170519_fly1_LDM_007,79,6,11845.14,False,170519_fly1_LDM_004,1,exact_consistent,170519_fly1_LDM_007,379,False,F,182,187,6.938893903907228e-18,0.42116483307726416,secondary_author_excluded,0.008061282494603202,-0.786632760288211,0.4056458960938542,0.00803828281368102,-0.776452404103213,0.38846243697035854,0.008676114645886808,-1.0695578764844647,0.18739441058960607,0.006861233199061254,-0.29428933519281286,,0.008027683342185508,-0.7717705478980463,0.4003288272807051,0.005824177384967063,-0.6837349861883286,0.43148924013094087,0.01308868586209242,0.016666666666666666,0.00958806428529236,-0.002447243661627043,0.02610364046131009,0.025,0.008695811927259394,-0.0004275908000758381,8.333333333333336,0.013014954599217672,-0.0008922523580329658,0.009762527284155343,-1.5368559344051076,0.38756301952800165,0.002482809183791344,0.008333333333333333,0.025349619928754563,0.009817106347467339,0.04507813214958971,0.03333333333333333,0.0028594698741538187,-0.0004275908000758381,25.0,0.04259532296579836,-0.022490150054600744
123,170519_fly1_LDM_007,79,7,11845.14,False,170519_fly1_LDM_004,1,exact_consistent,170519_fly1_LDM_007,379,False,F,182,187,1.0408340855860843e-17,0.5733896010171844,secondary_author_excluded,0.010661593058016724,-0.6835041106659923,0.32193345795856426,0.01073470728398553,-0.7066732845768267,0.29245189479981437,0.011351077223739158,-0.908288942704583,0.11815217513388576,0.009927668605903142,-0.45970306694451035,,0.010727315192895713,-0.7043236088387459,0.30098202847058675,0.007176638006812293,-0.5839964196445118,0.31459783694663507,0.015965835196678557,0.016666666666666666,0.01471839806144691,-0.003745212782023111,0.02610364046131009,0.025,0.008695811927259394,-0.0004275908000758381,8.333333333333336,0.010137805264631535,-0.006022586134187517,0.013377733285758144,-1.4943169209792195,0.289102491289054,0.008125010798207526,0.016666666666666666,0.03089961715462761,0.006579510706244067,0.04507813214958971,0.03333333333333333,0.0028594698741538187,-0.0004275908000758381,16.666666666666668,0.03695312135138218,-0.02804014728047379
124,170524_fly1_LDM_003,86,1,11843.6,False,170524_fly1_LDM,1,exact_consistent,170524_fly1_LDM_003,386,False,F,368,378,1.3877787807814457e-17,0.2790575054650527,secondary_author_excluded,0.008999611343513788,0.3876337013097809,0.650787631421985,0.008624273932125691,0.43764720546714475,0.6955918141581601,0.009643193425343371,0.2969187298127236,0.5814928225130339,0.011734401638228458,-0.04108375643222306,,0.00851960886090332,0.45121392150071993,0.7055485512868142,0.007973158228374308,0.43811187058121515,0.670746855545817,0.05539561858256193,0.03333333333333333,0.005292111083351864,0.010637833048447712,0.025700398970592793,0.025,0.009005063148762017,-0.00032536975983849653,-8.333333333333332,-0.029695219611969137,0.0037129520654101533,0.00922956930620235,0.366355555940177,0.7299413923682617,0.05403509145266973,0.03333333333333333,0.015199620883831954,-0.007753658251680817,0.04527106035471561,0.03333333333333333,0.002920826231629619,-0.00032536975983849653,0.0,-0.008764031097954116,-0.012278794652202335
125,170524_fly1_LDM_003,86,2,11843.6,False,170524_fly1_LDM,1,exact_consistent,170524_fly1_LDM_003,386,False,F,368,378,2.0816681711721685e-17,0.7111400014399895,secondary_author_excluded,0.005684407163836769,0.6527457424379137,0.8176270471000411,0.005523583061480191,0.6721169235919995,0.8345766677263142,0.0062582465799431615,0.5790964735846007,0.7777768610276309,0.009724143158253372,-0.016201685071944416,,0.005412869719909565,0.6851292115075454,0.842221594245354,0.006083635417022078,0.6284866956318689,0.8392022356826455,0.044837613029135776,0.03333333333333333,0.015917929366453653,-0.002625794102987668,0.025700398970592793,0.025,0.009005063148762017,-0.00032536975983849653,-8.333333333333332,-0.019137214058542983,-0.006912866217691636,0.004899930590008021,0.7213317865596336,0.8579634063530533,0.04425956528991969,0.03333333333333333,0.016128684681054425,0.0007329940826307346,0.04527106035471561,0.03333333333333333,0.002920826231629619,-0.00032536975983849653,0.0,0.0010114950647959198,-0.013207858449424806
126,170524_fly1_LDM_003,86,3,11843.6,True,170524_fly1_LDM,1,exact_consistent,170524_fly1_LDM_003,386,False,F,368,378,1.3877787807814457e-17,0.5253159534050156,primary_selected,0.006766236569380676,0.6198614479857298,0.800687600762827,0.0066300240115007795,0.6350126920886681,0.8164518259292973,0.007746416623621366,0.5017477578924567,0.7229941078137844,0.011002724005714035,-0.005189627234972072,,0.0065425731631355765,0.6445776485614021,0.8218439449478221,0.006885856657902757,0.6000200873126209,0.8210577909599678,0.04489249998074485,0.03333333333333333,0.01780451370172536,-0.0013789712545501428,0.025700398970592793,0.025,0.009005063148762017,-0.00032536975983849653,-8.333333333333332,-0.019192101010152056,-0.008799450552963342,0.006363915058591689,0.661894978113573,0.8275247371439327,0.05236191707169423,0.03333333333333333,0.011546299229106822,-0.002855894770093327,0.04527106035471561,0.03333333333333333,0.002920826231629619,-0.00032536975983849653,0.0,-0.007090856716978615,-0.008625472997477202
127,170524_fly1_LDM_003,86,4,11843.6,True,170524_fly1_LDM,1,exact_consistent,170524_fly1_LDM_003,386,False,F,368,378,4.163336342344337e-17,0.6723358473820352,primary_selected,0.006230210978223877,0.6333545440858646,0.8344131213125298,0.006059959713696122,0.6531191909997737,0.8561286191607728,0.007157699846323671,0.516064184938394,0.7664705376804835,0.010566747311760907,-0.05468663689277631,,0.005886524248552395,0.6726904522032228,0.8682053082023914,0.005484218859808301,0.640479065484735,0.8284851941956464,0.03967538425563377,0.03333333333333333,0.014989838403113414,-0.0024853060072521187,0.025700398970592793,0.025,0.009005063148762017,-0.00032536975983849653,-8.333333333333332,-0.01397498528504098,-0.005984775254351397,0.006585557452559573,0.6435244930395201,0.8797703078943419,0.050788614241661686,0.03333333333333333,0.013608396693446942,-0.0032425446852445503,0.04527106035471561,0.03333333333333333,0.002920826231629619,-0.00032536975983849653,0.0,-0.005517553886946074,-0.010687570461817323
128,170524_fly1_LDM_003,86,5,11843.6,True,170524_fly1_LDM,1,exact_consistent,170524_fly1_LDM_003,386,False,F,368,378,1.3877787807814457e-17,0.40406093110289154,primary_selected,0.005915845802773581,0.5761210805069534,0.7746401637297776,0.005618151021767939,0.6177082321485394,0.8040632904584891,0.006805583702267672,0.43903096780227024,0.6848211706893663,0.009215532541670677,-0.02860587756268118,,0.005436899602420237,0.6419771426088975,0.8191358978345606,0.005070768788471455,0.6140083637595869,0.7860154847580485,0.038869729318884376,0.03333333333333333,0.01727207730856097,0.001397347154151719,0.025700398970592793,0.025,0.009005063148762017,-0.00032536975983849653,-8.333333333333332,-0.013169330348291583,-0.008267014159798951,0.006116743063154444,0.5739051984335567,0.8374498527904715,0.045311862242562444,0.03333333333333333,0.01070768093818809,-0.003553293352719808,0.04527106035471561,0.03333333333333333,0.002920826231629619,-0.00032536975983849653,0.0,-4.080188784683081e-05,-0.007786854706558471
129,170524_fly1_LDM_003,86,6,11843.6,True,170524_fly1_LDM,1,exact_consistent,170524_fly1_LDM_003,386,False,F,368,378,1.3877787807814457e-17,0.7509225811729048,primary_selected,0.004810851433735833,0.6873852497369507,0.8440074629597638,0.004225474930225209,0.7588336927121166,0.8905642750933908,0.005336048197557897,0.6154037351202137,0.8052104831046222,0.008737039670825631,-0.031084338128961164,,0.0040759909335322,0.7755952768758607,0.89989736480167,0.004274944334619446,0.7088552176603328,0.8568931031817624,0.03544898630489517,0.03333333333333333,0.011954262200133221,-0.0016309837334774202,0.025700398970592793,0.025,0.009005063148762017,-0.00032536975983849653,-8.333333333333332,-0.00974858733430238,-0.0029491990513712037,0.004175419464895542,0.7900032533910271,0.9174583026167902,0.046016460550159566,0.03333333333333333,0.007902719211404771,-0.003533907145153458,0.04527106035471561,0.03333333333333333,0.002920826231629619,-0.00032536975983849653,0.0,-0.0007454001954439529,-0.0049818929797751516
130,170524_fly1_LDM_003,86,7,11843.6,True,170524_fly1_LDM,1,exact_consistent,170524_fly1_LDM_003,386,False,F,368,378,6.938893903907228e-18,0.5438882355061792,primary_selected,0.0065776260922983006,0.5490767374901712,0.766735746096512,0.0062290776014522955,0.595599430274869,0.8035226562158452,0.006487499072407815,0.561349232433791,0.7876539086629782,0.010013430362940806,-0.04503308463170441,,0.006144309565457974,0.606531062179493,0.8101245383055082,0.007160049588760789,0.393160061377554,0.7161507747801601,0.0333448602094507,0.03333333333333333,0.01319368978606826,-0.005075364387067603,0.025700398970592793,0.025,0.009005063148762017,-0.00032536975983849653,-8.333333333333332,-0.007644461238857904,-0.004188626637306243,0.00513191050353724,0.7535601916617717,0.8782693194849395,0.04371480790140979,0.025,0.023024608315410637,0.007601424835778142,0.04527106035471561,0.03333333333333333,0.002920826231629619,-0.00032536975983849653,8.333333333333332,0.0015562524533058245,-0.020103782083781017
131,170524_fly1_LDM_007,86,1,11847.48,False,170524_fly1_LDM_004,1,exact_consistent,170524_fly1_LDM_007,386,False,F,210,173,1.3877787807814457e-17,0.587201630339235,secondary_author_excluded,0.009683979358844066,-0.07468043906791766,0.35265760687395836,0.010111962536777533,-0.17177043961728966,0.27880087966324657,0.01055324843060829,-0.2762741047429256,0.16108794897511597,0.009387463516117004,-0.009876248893117667,,0.01017201784647688,-0.1857301441655661,0.27553803980158503,0.009657208228868045,-0.08801061622767081,0.2634613851600512,0.008799754302855498,0.016666666666666666,0.04124015915007852,-0.02360170552957986,0.025700398970592793,0.025,0.009005063148762017,-0.00032536975983849653,8.333333333333336,0.016900644667737295,-0.0322350960013165,0.010547127661817122,-0.26174710199147055,0.28953996714865743,0.006768621495259121,0.008333333333333333,0.04038371190939022,0.032267321999422255,0.04527106035471561,0.03333333333333333,0.002920826231629619,-0.00032536975983849653,25.0,0.03850243885945649,-0.0374628856777606
132,170524_fly1_LDM_007,86,3,11847.48,False,170524_fly1_LDM_004,1,exact_consistent,170524_fly1_LDM_007,386,False,F,210,173,1.3877787807814457e-17,0.6107058943938534,secondary_author_excluded,0.008882601134168036,-0.07289456642080339,0.386440224732021,0.00933077812038752,-0.18389298895688455,0.312791420021685,0.009654018055972536,-0.267339402234426,0.2119524455450514,0.008605513141485917,-0.007001849794449289,,0.009392051167904859,-0.19949274054796096,0.30970007526366344,0.006879481097563887,-0.12396604395908462,0.40024504998611077,0.006068999124280945,0.008333333333333333,0.03402820132495232,-0.02066032429790149,0.025700398970592793,0.025,0.009005063148762017,-0.00032536975983849653,16.66666666666667,0.019631399846311848,-0.025023138176190306,0.011260531980864233,-0.21421813230323883,0.26869449354573793,0.008174883034009317,0.008333333333333333,0.04635504741386347,0.03641272439391749,0.04527106035471561,0.03333333333333333,0.002920826231629619,-0.00032536975983849653,25.0,0.037096177320706296,-0.04343422118223385
133,170524_fly1_LDM_007,86,4,11847.48,False,170524_fly1_LDM_004,1,exact_consistent,170524_fly1_LDM_007,386,False,F,210,173,1.3877787807814457e-17,0.5918247895858333,secondary_author_excluded,0.010028339415544705,-0.031005685493695756,0.34961843856122793,0.010406878726754594,-0.11030935382327578,0.28747386558150456,0.010886566442959916,-0.21502402713794555,0.16993423950461323,0.009876543939095029,-2.9960655542726755e-05,,0.01047055620060485,-0.12393841610218859,0.28333609279202204,0.009623493289193607,-0.18437682066126593,0.204078278109439,0.007961421605751952,0.008333333333333333,0.038979222266431426,-0.02300891386732221,0.025700398970592793,0.025,0.009005063148762017,-0.00032536975983849653,16.66666666666667,0.01773897736484084,-0.02997415911766941,0.011135287449347688,-0.08137855934972538,0.3300041580936528,0.009230687120052192,0.008333333333333333,0.05354665149275255,0.03813215142764297,0.04527106035471561,0.03333333333333333,0.002920826231629619,-0.00032536975983849653,25.0,0.03604037323466342,-0.05062582526112293
134,170524_fly1_LDM_007,86,5,11847.48,False,170524_fly1_LDM_004,1,exact_consistent,170524_fly1_LDM_007,386,False,F,210,173,1.3877787807814457e-17,0.7369597296761696,secondary_author_excluded,0.008972824870652443,-0.759533527213512,0.19140923126204334,0.009230799555811752,-0.8621634782108079,0.12478635148630061,0.00939368900214808,-0.928463926740595,0.0061703911499927065,0.006768478152236338,-0.0012008891000625521,,0.009242639190677446,-0.8669434487253036,0.13346439058998036,0.007532475704607162,-1.0244054854509677,0.11364772446465055,0.00011686782793528944,0.0,0.028520658627441596,-0.01687605630298117,0.025700398970592793,0.025,0.009005063148762017,-0.00032536975983849653,25.0,0.025583531142657503,-0.01951559547867958,0.010661947788216358,-0.814971730775059,0.1212431004298671,0.004729592553208269,0.008333333333333333,0.03840785020951587,0.0332026737669358,0.04527106035471561,0.03333333333333333,0.002920826231629619,-0.00032536975983849653,25.0,0.040541467801507344,-0.03548702397788625
135,170524_fly1_LDM_007,86,6,11847.48,False,170524_fly1_LDM_004,1,exact_consistent,170524_fly1_LDM_007,386,False,F,210,173,1.3877787807814457e-17,0.5700868706359491,secondary_author_excluded,0.009754161460986562,-0.3023633429086472,0.25819503642930125,0.010165924856133136,-0.4146404555252108,0.18236564280872325,0.010519715120177422,-0.5148172481037063,0.0581824941820246,0.008614421532763927,-0.01579137810985598,,0.010274668670107238,-0.44506683983422834,0.17211946503944192,0.008501462978452995,-0.2782891682201074,0.22565101284049063,0.007061548491028885,0.008333333333333333,0.0424748574996658,-0.026174973940972776,0.025700398970592793,0.025,0.009005063148762017,-0.00032536975983849653,16.66666666666667,0.018638850479563908,-0.03346979435090378,0.011593842485866547,-0.5414067072165296,0.1454429333108149,0.0047133244321649614,0.008333333333333333,0.042083829041641596,0.03287165303959848,0.04527106035471561,0.03333333333333333,0.002920826231629619,-0.00032536975983849653,25.0,0.04055773592255065,-0.039163002810011976
136,170524_fly1_LDM_007,86,7,11847.48,False,170524_fly1_LDM_004,1,exact_consistent,170524_fly1_LDM_007,386,False,F,210,173,1.734723475976807e-17,0.39947812186526943,secondary_author_excluded,0.012034794877680713,-0.008904223466006611,0.2981185236802616,0.012238781437237806,-0.04339538940432974,0.26360877293388824,0.012762266548364412,-0.1345618517840994,0.1509555671882301,0.011983874633517196,-0.0003847652167954241,,0.01233236738760834,-0.05941340353506552,0.2543143964739795,0.010721361303818736,0.011352223581229448,0.3163221640118541,0.009558582162542392,0.008333333333333333,0.04822657227900343,-0.023497629030785977,0.025700398970592793,0.025,0.009005063148762017,-0.00032536975983849653,16.66666666666667,0.0161418168080504,-0.03922150913024141,0.013587786940113956,-0.17997892732799148,0.21673912275496304,0.0015024601493040177,0.008333333333333333,0.06240435292905199,0.04634007203428703,0.04527106035471561,0.03333333333333333,0.002920826231629619,-0.00032536975983849653,25.0,0.043768600205411595,-0.05948352669742237
137,170524_fly1_LDM_011,86,1,11837.5,False,170524_fly1_LDM_008,1,exact_consistent,170524_fly1_LDM_011,386,False,F,177,171,1.0408340855860843e-17,0.2917765150049451,secondary_author_excluded,0.008384466594995909,0.18101035988701974,0.5249983492770184,0.008178150002586945,0.2208202185295225,0.5423846169784851,0.008810145079878899,0.09573931144317438,0.43515685749198724,0.009354264552646999,-0.019405158915366982,,0.008224271254223814,0.21200695864445096,0.5395033279389845,0.007567234615912054,0.25458282224161644,0.5583682895068635,0.02898439438462491,0.03333333333333333,0.015180310347115372,0.0027872636745481885,0.025700398970592793,0.025,0.009005063148762017,-0.00032536975983849653,-8.333333333333332,-0.0032839954140321155,-0.006175247198353355,0.008746498453516586,0.17529493197918233,0.5313199966311681,0.0320358364449837,0.041666666666666664,0.016993808339613756,0.006051448333507112,0.04527106035471561,0.03333333333333333,0.002920826231629619,-0.00032536975983849653,-8.333333333333332,0.013235223909731912,-0.014072982107984137
138,170524_fly1_LDM_011,86,6,11837.5,True,170524_fly1_LDM_008,1,exact_consistent,170524_fly1_LDM_011,386,False,F,177,171,1.0408340855860843e-17,0.550416237267887,primary_selected,0.006673562051870643,0.44740263163634797,0.7181628176573369,0.0065496391562039555,0.46773470020402175,0.7346991209313176,0.006568377357788906,0.4646847729102046,0.7297495610044414,0.009277016048328538,-0.06784943494839757,,0.006496060749735297,0.47640732550464726,0.7408616125250833,0.006936740766097691,0.32508733553160996,0.6217730677896577,0.03223005944474918,0.03333333333333333,0.012740373356283639,-0.0017058781265028098,0.025700398970592793,0.025,0.009005063148762017,-0.00032536975983849653,-8.333333333333332,-0.006529660474156387,-0.0037353102075216218,0.006138173482145853,0.5732298491047045,0.812362007871495,0.0351269007820416,0.025,0.013167344647945223,0.0006661987373000021,0.04527106035471561,0.03333333333333333,0.002920826231629619,-0.00032536975983849653,8.333333333333332,0.010144159572674012,-0.010246518416315603
139,170524_fly2_LDM_015,87,1,11868.51,True,170524_fly2_LDM_012,1,exact_consistent,170524_fly2_LDM_015,387,False,F,145,201,2.0816681711721685e-17,0.7267401625177555,primary_selected,0.008120662277088363,0.5171883427809266,0.7448500313309365,0.007932357590568803,0.5393199381091652,0.7684282865376176,0.008973131489691366,0.41050121783337024,0.6689487900951399,0.011826773376023341,-0.024064705782654405,,0.008071661673632421,0.5229973974150647,0.7529603688420184,0.007561973793114045,0.4201428660661646,0.7564161012797808,0.03471865970045321,0.03333333333333333,0.024559483868184993,-0.0007517913114281311,0.02546000753198883,0.025,0.008387840679397181,-0.0004059688379577928,-8.333333333333332,-0.009258652168464377,-0.01617164318878781,0.008286202160312369,0.585282326295895,0.779825081707642,0.06484372403685143,0.03333333333333333,0.004891380505163277,-0.003196096646027183,0.044670768160923434,0.03333333333333333,0.0027995084984981464,-0.0004059688379577928,0.0,-0.020172955875927996,-0.002091872006665131
140,170524_fly2_LDM_015,87,3,11868.51,True,170524_fly2_LDM_012,1,exact_consistent,170524_fly2_LDM_015,387,False,F,145,201,2.0816681711721685e-17,0.7704850784230128,primary_selected,0.005642658003734924,0.6799427101695072,0.8315554802741008,0.005461019506834251,0.7002165030268592,0.8501123922736714,0.006961669453977528,0.5128226786747975,0.721065104170588,0.009984723700033542,-0.002149164116091784,,0.00548176728993104,0.6979342704381282,0.846696897347924,0.0057240725985364,0.6641767038878816,0.8798056781321261,0.0339887471479671,0.025,0.019292379511506332,-0.001652542256941761,0.02546000753198883,0.025,0.008387840679397181,-0.0004059688379577928,0.0,-0.008528739615978265,-0.01090453883210915,0.005184637016680451,0.721925634975678,0.8524528180241074,0.04515135148945671,0.03333333333333333,0.008421490746881331,0.0001253044711835541,0.044670768160923434,0.03333333333333333,0.0027995084984981464,-0.0004059688379577928,0.0,-0.0004805833285332767,-0.005621982248383185
141,170524_fly2_LDM_015,87,4,11868.51,True,170524_fly2_LDM_012,1,exact_consistent,170524_fly2_LDM_015,387,False,F,145,201,1.3877787807814457e-17,0.7267265137205456,primary_selected,0.00631318009867914,0.6912802519994188,0.8590788593818851,0.006164814439829222,0.7056201556777315,0.8789211703596137,0.006757105380807145,0.646337153938754,0.8517736368528597,0.011364657470522474,-0.00041628994023490407,,0.0061419755815010305,0.7077973000775812,0.8773000938772465,0.00688992292225728,0.633629009197159,0.9059026925402262,0.046765429436116675,0.03333333333333333,0.021706239008097858,-0.005572915831262489,0.02546000753198883,0.025,0.008387840679397181,-0.0004059688379577928,-8.333333333333332,-0.021305421904127844,-0.013318398328700676,0.005342175238646474,0.7723448175722915,0.9081684354764743,0.05421682186310816,0.03333333333333333,0.01111438741706701,0.004226556417183307,0.044670768160923434,0.03333333333333333,0.0027995084984981464,-0.0004059688379577928,0.0,-0.009546053702184726,-0.008314878918568863
142,170524_fly2_LDM_015,87,5,11868.51,True,170524_fly2_LDM_012,1,exact_consistent,170524_fly2_LDM_015,387,False,F,145,201,1.3877787807814457e-17,0.724878162377434,primary_selected,0.006793935589248221,0.5972962240170527,0.7797584023545525,0.006535256156455726,0.627378352856832,0.8066951903687051,0.008442217117105676,0.3781926005625743,0.6163703585106148,0.010714673876963293,-0.0016148743686146272,,0.006473277579459182,0.6344125218821568,0.8100667093971455,0.00743554392067496,0.4277129161837785,0.8687710128471767,0.04420226903951637,0.03333333333333333,0.014339338849544876,0.0068046516150916244,0.02546000753198883,0.025,0.008387840679397181,-0.0004059688379577928,-8.333333333333332,-0.01874226150752754,-0.005951498170147694,0.005489247003433034,0.6406346921968652,0.914862042587076,0.050344433344483915,0.025,0.002743960053820561,-0.009691735918255846,0.044670768160923434,0.03333333333333333,0.0027995084984981464,-0.0004059688379577928,8.333333333333332,-0.005673665183560481,5.5548444677585435e-05
143,170524_fly2_LDM_015,87,6,11868.51,True,170524_fly2_LDM_012,1,exact_consistent,170524_fly2_LDM_015,387,False,F,145,201,1.3877787807814457e-17,0.8133103514014757,primary_selected,0.007273306238425304,0.6492414210862454,0.8550375502981752,0.007062287318960714,0.6692991440597804,0.8828120871991926,0.009040542078209344,0.4580820975387324,0.711935540149423,0.012373121954822291,-0.015086709489703143,,0.006987895559995358,0.6762294332782028,0.8847333520172463,0.008654340203627507,0.4964508779311798,0.9256603155923183,0.05966342018220525,0.03333333333333333,0.012540381644801838,0.008241909109762162,0.02546000753198883,0.025,0.008387840679397181,-0.0004059688379577928,-8.333333333333332,-0.034203412650216425,-0.004152540965404657,0.004985398679241531,0.7996521892065778,0.9320468294995227,0.05431528211623311,0.03333333333333333,0.009497430717941029,-0.001557771636861308,0.044670768160923434,0.03333333333333333,0.0027995084984981464,-0.0004059688379577928,0.0,-0.009644513955309679,-0.0066979222194428825
144,170524_fly2_LDM_015,87,7,11868.51,False,170524_fly2_LDM_012,1,exact_consistent,170524_fly2_LDM_015,387,False,F,145,201,1.3877787807814457e-17,0.13097576725547566,secondary_author_excluded,0.008353024565174406,0.2794614522351334,0.5642640573607179,0.008193366997201574,0.30674259194336195,0.5773988715946575,0.008652051479785804,0.22694945205887684,0.5071865072905778,0.00987535076040251,-0.007105025297869716,,0.00816027705658064,0.31233089861907937,0.5831484800022622,0.009267880543657831,0.23089464062059917,0.4976543319022434,0.03421010591732702,0.03333333333333333,0.006670963932908546,0.012343359179193028,0.02546000753198883,0.025,0.008387840679397181,-0.0004059688379577928,-8.333333333333332,-0.008750098385338186,0.0017168767464886357,0.006954776468740925,0.3985100194322412,0.6732140229631978,0.032936342590527495,0.025,0.011768435686349802,0.003590865415504631,0.044670768160923434,0.03333333333333333,0.0027995084984981464,-0.0004059688379577928,8.333333333333332,0.011734425570395939,-0.008968927187851656
145,170524_fly2_LDM_015,87,8,11868.51,False,170524_fly2_LDM_012,1,exact_consistent,170524_fly2_LDM_015,387,False,F,145,201,1.3877787807814457e-17,0.5522145968445535,secondary_author_excluded,0.009398998272692605,0.414816783801763,0.6599118577829893,0.009177788265204535,0.4420377842765706,0.6867594278795228,0.010897971361287163,0.21328026163724323,0.48204553300576963,0.012390472807357633,-0.016961425040040945,,0.00921990877933816,0.43690461189856933,0.6809075246351654,0.011016690172067141,-0.012644640797374151,0.7634322874252316,0.052728278986898656,0.03333333333333333,0.013751543061472651,0.015760606289159318,0.02546000753198883,0.025,0.008387840679397181,-0.0004059688379577928,-8.333333333333332,-0.027268271454909825,-0.00536370238207547,0.006862662204606271,0.45574267106013755,0.8531839259883479,0.0490930343366431,0.03333333333333333,0.007617883900518159,-0.00723586431746197,0.044670768160923434,0.03333333333333333,0.0027995084984981464,-0.0004059688379577928,0.0,-0.004422266175719669,-0.0048183754020200125
146,170524_fly2_LDM_019,87,1,11874.48,True,170524_fly2_LDM_016,1,exact_consistent,170524_fly2_LDM_019,387,False,F,451,472,2.0816681711721685e-17,0.6343204695495417,primary_selected,0.006786663036653196,0.6015257714651553,0.7852295096621854,0.0066158350949401005,0.6213333929705764,0.8044372976330589,0.007534486927493331,0.5088716178508711,0.7265471891551704,0.010772017649145699,-0.003879944019126391,,0.006569775500815712,0.6265876101203136,0.806492635764389,0.006412627001571839,0.5943436505590789,0.810024635852451,0.0402328332038418,0.03333333333333333,0.02109977429359027,-0.003365470239765549,0.02546000753198883,0.025,0.008387840679397181,-0.0004059688379577928,-8.333333333333332,-0.014772825671852969,-0.012711933614193087,0.006812984877833943,0.6419741549718117,0.8082651685185629,0.05020869435139202,0.041666666666666664,0.01219664126450727,-0.003403422318845391,0.044670768160923434,0.03333333333333333,0.0027995084984981464,-0.0004059688379577928,-8.333333333333332,-0.005537926190468584,-0.009397132766009123
147,170606_fly4_LDM_013,103,1,11772.35,False,170606_fly4_LDM_012,1,exact_consistent,170606_fly4_LDM_013,403,False,F,252,238,2.0816681711721685e-17,0.4037193742389629,secondary_author_excluded,0.007087955259103691,0.47357089015343257,0.7470802398701089,0.006982179770394976,0.48916574250165634,0.7569038682482836,0.007210804565222392,0.4551644823185267,0.7361738604826991,0.010168297713465524,-0.08341406130159079,,0.006884979407443917,0.5032896007010781,0.7661671504141753,0.007142726950811048,0.29614159924773376,0.673928983530554,0.04191878725128188,0.025,0.005763055872753555,0.004330051118461704,0.026025293351190446,0.03333333333333333,0.008698357703500798,-0.0006228290783905065,8.333333333333332,-0.015893493900091437,0.002935301830747243,0.006817853063713181,0.6073464697332408,0.8083212757553767,0.04028885005218505,0.025,0.01778921638685057,0.002554378766802129,0.046390296933983693,0.03333333333333333,0.0026795738326321904,-0.0006228290783905065,8.333333333333332,0.0061014468817986445,-0.015109642554218379
148,170606_fly4_LDM_013,103,2,11772.35,True,170606_fly4_LDM_012,1,exact_consistent,170606_fly4_LDM_013,403,False,F,252,238,1.3877787807814457e-17,0.27983404047330596,primary_selected,0.009493163385182486,0.2659656508907785,0.551281993358318,0.009394786047525491,0.28110036943081074,0.5610296531212975,0.00889624527736639,0.35537377643505774,0.6174423660569875,0.011220591803990189,-0.025477176444718364,,0.00946467217549903,0.270365057602555,0.554124576483133,0.00987591911511715,0.060802180739130685,0.6765204796507327,0.02474212255306519,0.025,0.02486039851759604,-0.014762493606001396,0.026025293351190446,0.03333333333333333,0.008698357703500798,-0.0006228290783905065,8.333333333333332,0.001283170798125257,-0.016162040814095245,0.008887644873037118,0.2795151402853756,0.6169636694940385,0.04759605414922132,0.03333333333333333,0.007286787114183337,-0.005315172776863385,0.046390296933983693,0.03333333333333333,0.0026795738326321904,-0.0006228290783905065,0.0,-0.001205757215237628,-0.004607213281551146
149,170606_fly4_LDM_013,103,3,11772.35,True,170606_fly4_LDM_012,1,exact_consistent,170606_fly4_LDM_013,403,False,F,252,238,1.0408340855860843e-17,0.7373896205780787,primary_selected,0.0053642148661926,0.6544419388721521,0.8099502521596224,0.005194589749299462,0.6759506115925842,0.8236304164803315,0.006686588050274542,0.4630697979601792,0.6828466656634363,0.00913144251250584,-0.0013536298422927029,,0.0050585339630804535,0.6927031997346975,0.8337270823668216,0.005157257897449303,0.5597202844615691,0.77637912807525,0.035336220525905224,0.025,0.008755805063642482,0.004209530998883806,0.026025293351190446,0.03333333333333333,0.008698357703500798,-0.0006228290783905065,8.333333333333332,-0.009310927174714777,-5.744736014168424e-05,0.005231655216683423,0.7067880664721411,0.8735357429749884,0.044901189859909846,0.025,0.012510413067795377,0.0011969043406732365,0.046390296933983693,0.03333333333333333,0.0026795738326321904,-0.0006228290783905065,8.333333333333332,0.0014891070740738477,-0.009830839235163187
150,170606_fly4_LDM_013,103,4,11772.35,True,170606_fly4_LDM_012,1,exact_consistent,170606_fly4_LDM_013,403,False,F,252,238,2.0816681711721685e-17,0.6425141434767646,primary_selected,0.005057232709388489,0.6729717675529767,0.8213552880003623,0.005040242850644944,0.6751653903426058,0.8225879687057482,0.005479260871979508,0.6161130695544261,0.7867519702580734,0.008849809812630867,-0.0014453301728989398,,0.00505217722145404,0.673625271561937,0.8216439838774374,0.005542657444288899,0.5007505371911869,0.7365430896331163,0.0281178380140221,0.025,0.011935550482735521,-0.003703160732918295,0.026025293351190446,0.03333333333333333,0.008698357703500798,-0.0006228290783905065,8.333333333333332,-0.0020925446628316524,-0.0032371927792347235,0.004481857253664357,0.7862428391222079,0.8927924840359857,0.046372962679025236,0.03333333333333333,0.010278821954950144,0.0027945275025516537,0.046390296933983693,0.03333333333333333,0.0026795738326321904,-0.0006228290783905065,0.0,1.7334254958457918e-05,-0.007599248122317954
151,170606_fly4_LDM_013,103,5,11772.35,True,170606_fly4_LDM_012,1,exact_consistent,170606_fly4_LDM_013,403,False,F,252,238,2.0816681711721685e-17,0.4660666364367516,primary_selected,0.007338682041949114,0.5375050629605231,0.7363935687968887,0.00742674766487962,0.526338401721237,0.7290135760787427,0.008656618277801184,0.3564721094858363,0.5985138438931967,0.010799220987180497,-0.0015109363358949413,,0.007380693559553386,0.5321946463070824,0.7326122304099768,0.006945207922051983,0.3625542330551923,0.6863764237598086,0.0407337472930885,0.025,0.011005832573638423,0.008367778885983222,0.026025293351190446,0.03333333333333333,0.008698357703500798,-0.0006228290783905065,8.333333333333332,-0.014708453941898052,-0.0023074748701376255,0.007878911642800428,0.5530433928670131,0.7662757470808121,0.054155473126503366,0.025,0.026211722400761348,0.002596436475471924,0.046390296933983693,0.03333333333333333,0.0026795738326321904,-0.0006228290783905065,8.333333333333332,-0.0077651761925196724,-0.023532148568129158
152,170606_fly4_LDM_013,103,6,11772.35,False,170606_fly4_LDM_012,1,exact_consistent,170606_fly4_LDM_013,403,False,F,252,238,2.7755575615628914e-17,0.20899177025288646,secondary_author_excluded,0.021415300834884275,0.005970131282375779,0.21731049391881524,0.021476266810077926,0.00030238344712252285,0.20678242757098653,0.020329036322574236,0.10425445103664521,0.3649636712698756,0.021754249278526375,-0.025744688066092314,,0.021552904764761897,-0.006845179120586131,0.19799010829059524,0.02380044021905481,-0.9251635208474867,0.12921433376256972,0.014850691848772413,0.03333333333333333,0.03223713479310742,-0.01475940201247582,0.026025293351190446,0.03333333333333333,0.008698357703500798,-0.0006228290783905065,0.0,0.011174601502418034,-0.023538777089606625,0.018867938879869935,-0.07451578813981974,0.43389793325394627,0.0806070022977813,0.03333333333333333,0.019145827159420245,-0.00460327499249312,0.046390296933983693,0.03333333333333333,0.0026795738326321904,-0.0006228290783905065,0.0,-0.0342167053637976,-0.016466253326788055
153,170606_fly4_LDM_013,103,7,11772.35,True,170606_fly4_LDM_012,1,exact_consistent,170606_fly4_LDM_013,403,False,F,252,238,2.7755575615628914e-17,0.27613542675346914,primary_selected,0.010334155985965786,0.11343297713331801,0.5591697642323304,0.01039884948312376,0.10229812539592653,0.5481345602771457,0.009697007185412417,0.21938483742773573,0.6377343189989734,0.011953345403681016,-0.18615238376924603,,0.010548986394273313,0.07618924870464538,0.5300190559321606,0.012255286101398095,-0.6540645166380818,0.4342028621610828,0.03646821847253716,0.025,0.005093199441208045,0.0016157073566642113,0.026025293351190446,0.03333333333333333,0.008698357703500798,-0.0006228290783905065,8.333333333333332,-0.010442925121346713,0.0036051582622927533,0.008128966952707168,0.48847264975282534,0.7038753856344825,0.04987654257463789,0.03333333333333333,0.01238320197856904,-0.0043964799204409665,0.046390296933983693,0.03333333333333333,0.0026795738326321904,-0.0006228290783905065,0.0,-0.0034862456406541953,-0.00970362814593685
154,170606_fly4_LDM_015,103,1,11778.23,True,170606_fly4_LDM_014,1,exact_consistent,170606_fly4_LDM_015,403,False,F,199,180,2.0816681711721685e-17,0.33983136398692,primary_selected,0.009144806719684533,0.39627013494071794,0.632977880106335,0.009081450430394955,0.4046065787009159,0.6401627348600567,0.009988683916350336,0.27970543291872896,0.5338776553704826,0.011795709090562542,-0.004480950013026064,,0.009225114679382244,0.38561989263561247,0.6245888269959115,0.008712856999550638,0.35138544354293755,0.5990701860731626,0.029884837096199147,0.025,0.02541115698352231,-0.006738406037777982,0.026025293351190446,0.03333333333333333,0.008698357703500798,-0.0006228290783905065,8.333333333333332,-0.0038595437450087006,-0.016712799280021513,0.009435656137483121,0.4411739982726629,0.667294446702098,0.05087253386692052,0.025,0.020924590554784055,0.001748887923065421,0.046390296933983693,0.03333333333333333,0.0026795738326321904,-0.0006228290783905065,8.333333333333332,-0.004482236932936826,-0.018245016722151865
155,170606_fly4_LDM_015,103,2,11778.23,True,170606_fly4_LDM_014,1,exact_consistent,170606_fly4_LDM_015,403,False,F,199,180,1.0408340855860843e-17,0.19733793506131747,primary_selected,0.0077947586364078645,0.43772437786162566,0.6895244570646499,0.008067323131796925,0.3977139331297228,0.6611003115695093,0.008904444841235723,0.2662339615293471,0.557514795593127,0.010591926213840098,-0.03823055132813202,,0.008214813231382184,0.3754901409333352,0.6457960738014499,0.007656904592373984,0.3498328470375921,0.6171320737529772,0.02730657696234582,0.025,0.022381445720100673,-0.0033104664724311924,0.026025293351190446,0.03333333333333333,0.008698357703500798,-0.0006228290783905065,8.333333333333332,-0.001281283611155374,-0.013683088016599875,0.008457849436407207,0.43157116752411917,0.6920834333769068,0.06146818562046587,0.025,0.008316075714238846,-0.006833587054569016,0.046390296933983693,0.03333333333333333,0.0026795738326321904,-0.0006228290783905065,8.333333333333332,-0.015077888686482174,-0.005636501881606656
156,170606_fly4_LDM_015,103,3,11778.23,False,170606_fly4_LDM_014,1,exact_consistent,170606_fly4_LDM_015,403,False,F,199,180,2.42861286636753e-17,0.17068118867828974,secondary_author_excluded,0.012026121386264186,0.18462993391904448,0.4427437041515062,0.012051774368960738,0.18114768353128874,0.43812156462633456,0.013044654271687455,0.0406684138401483,0.28958904806244407,0.01331837898401403,-1.4587299534740694e-05,,0.011909507244199145,0.20036612631836814,0.45701369022472826,0.011174669554847498,-0.09339343414727552,0.4477958041414863,0.04405730633815727,0.016666666666666666,0.014489527428887008,0.014906742721396048,0.026025293351190446,0.03333333333333333,0.008698357703500798,-0.0006228290783905065,16.666666666666668,-0.018032012986966824,-0.00579116972538621,0.012869238175612514,-0.012001715720579842,0.45973463544127263,0.042349781278395476,0.025,0.012292334212582788,-0.012546654465409446,0.046390296933983693,0.03333333333333333,0.0026795738326321904,-0.0006228290783905065,8.333333333333332,0.004040515655588217,-0.009612760379950598
157,170606_fly4_LDM_015,103,4,11778.23,True,170606_fly4_LDM_014,1,exact_consistent,170606_fly4_LDM_015,403,False,F,199,180,2.7755575615628914e-17,0.19061006132792457,primary_selected,0.01013353965536496,0.20974479016850156,0.5435747361758569,0.010436353447499915,0.1618097923848658,0.5051671006271015,0.011213327825621391,0.032359442224482615,0.3846384797181751,0.011829928237184349,-0.07698398472756818,,0.01066043313240315,0.12542969816143212,0.47852696366192526,0.010134585629726642,0.2844968905888061,0.5790435101296985,0.03402413027466328,0.025,0.029134311925121087,-0.002432680900148423,0.026025293351190446,0.03333333333333333,0.008698357703500798,-0.0006228290783905065,8.333333333333332,-0.007998836923472832,-0.02043595422162029,0.010729637490429251,0.010367929400736609,0.4699878494156118,0.05302283814239465,0.025,0.013231225350316674,-0.0067469084258670485,0.046390296933983693,0.03333333333333333,0.0026795738326321904,-0.0006228290783905065,8.333333333333332,-0.006632541208410954,-0.010551651517684484
158,170606_fly4_LDM_015,103,5,11778.23,True,170606_fly4_LDM_014,1,exact_consistent,170606_fly4_LDM_015,403,False,F,199,180,1.0408340855860843e-17,0.37472973432606027,primary_selected,0.007263166139668438,0.4771353857262457,0.6965410852803613,0.007550022993343273,0.4350190001633176,0.6670911172732251,0.008918388738518378,0.21166630134386233,0.49578359559453367,0.010081341168837897,-0.007334988239843243,,0.007510812922826716,0.44087207389113403,0.6718398033824587,0.008039488583628978,0.2377909869098992,0.6308422866158355,0.030491731240330267,0.016666666666666666,0.022862042854284184,0.003778799800876792,0.026025293351190446,0.03333333333333333,0.008698357703500798,-0.0006228290783905065,16.666666666666668,-0.004466437889139821,-0.014163685150783386,0.007026543795759303,0.47383952839316446,0.7278709190966509,0.048968309957889214,0.025,0.008314510183565254,-0.006940084844701449,0.046390296933983693,0.03333333333333333,0.0026795738326321904,-0.0006228290783905065,8.333333333333332,-0.0025780130239055205,-0.005634936350933064
159,170606_fly4_LDM_015,103,6,11778.23,False,170606_fly4_LDM_014,1,exact_consistent,170606_fly4_LDM_015,403,False,F,199,180,2.0816681711721685e-17,0.2776591669331607,secondary_author_excluded,0.01276628169248907,0.2810799953013007,0.5321845155995029,0.01311407700795889,0.24137494580081165,0.49146566245189854,0.013567987714621565,0.18795030849292016,0.4336002494279619,0.015056642230682607,-1.8384874588273092e-05,,0.013292759807864677,0.22056117091148375,0.46992427960280864,0.01108124388874083,0.38816361841179636,0.6967972248193253,0.05346208135342297,0.025,0.03521506303890849,-0.011791331613383743,0.026025293351190446,0.03333333333333333,0.008698357703500798,-0.0006228290783905065,8.333333333333332,-0.027436788002232527,-0.026516705335407696,0.0148715858407769,0.10734715675985274,0.3831581427540074,0.059292347310143635,0.025,0.024177241604157622,-0.008846155315362326,0.046390296933983693,0.03333333333333333,0.0026795738326321904,-0.0006228290783905065,8.333333333333332,-0.012902050376159942,-0.021497667771525432
160,170606_fly4_LDM_015,103,7,11778.23,False,170606_fly4_LDM_014,1,exact_consistent,170606_fly4_LDM_015,403,False,F,199,180,1.3877787807814457e-17,0.22414165183857773,secondary_author_excluded,0.007935498998745754,0.47774873128869155,0.7114090127200696,0.00807857197045979,0.458747122696363,0.6972082152131457,0.009028443589855594,0.32398427374681893,0.591512319324108,0.011121370840931077,-0.025764503612354828,,0.008035521057476892,0.46450045228312653,0.7010672005088725,0.007622600313817962,0.44332922647389306,0.6731245409247593,0.04007017979983954,0.025,0.014734357995115663,0.004169378810054942,0.026025293351190446,0.03333333333333333,0.008698357703500798,-0.0006228290783905065,8.333333333333332,-0.014044886448649093,-0.006036000291614866,0.008510147743698668,0.4020818214297617,0.7301587669423371,0.05510085250270885,0.025,0.008726125773140938,-0.006934659907382908,0.046390296933983693,0.03333333333333333,0.0026795738326321904,-0.0006228290783905065,8.333333333333332,-0.008710555568725159,-0.006046551940508748
161,170606_fly4_LDM_017,103,1,11763.63,False,170606_fly4_LDM_016,1,exact_consistent,170606_fly4_LDM_017,403,False,F,167,171,2.0816681711721685e-17,0.6242267186586289,secondary_author_excluded,0.009438098045182267,0.48276289676267137,0.7298083768303029,0.009234391312605346,0.5048494682370017,0.7519319498899576,0.010390122596303052,0.3731522872292451,0.6416157907164097,0.013252440782311657,-0.01979398532742116,,0.009246123554969357,0.5035904970405072,0.7482326303641267,0.009512626256553445,0.5150293621738151,0.816155223540427,0.05624098026669059,0.025,0.01158421527980743,0.006285017570436308,0.026025293351190446,0.03333333333333333,0.008698357703500798,-0.0006228290783905065,8.333333333333332,-0.030215686915500143,-0.002885857576306633,0.008947508453853071,0.48285133153293025,0.7261499398305978,0.054393092183888075,0.03333333333333333,0.01528604309485775,-0.008369490605304515,0.046390296933983693,0.03333333333333333,0.0026795738326321904,-0.0006228290783905065,0.0,-0.008002795249904382,-0.01260646926222556
162,170606_fly4_LDM_017,103,2,11763.63,True,170606_fly4_LDM_016,1,exact_consistent,170606_fly4_LDM_017,403,False,F,167,171,2.0816681711721685e-17,0.47228796517653815,primary_selected,0.008643817689144974,0.536040588305294,0.7982586134250367,0.008652383155124293,0.535120624996795,0.8011648931866884,0.010135675443561412,0.3620683005304559,0.6583424733007751,0.01302057001872076,-0.052758573524998686,,0.008518276230726577,0.5494196678603464,0.8106078121629506,0.009442208638896193,0.4765079954696717,0.8519387274126138,0.046684349590458425,0.025,0.022772422935342415,0.003968865192824895,0.026025293351190446,0.03333333333333333,0.008698357703500798,-0.0006228290783905065,8.333333333333332,-0.02065905623926798,-0.014074065231841617,0.007782812123243843,0.5857181459115244,0.7873169738200312,0.05908741515022978,0.025,0.01137285563730801,-0.004265641579822757,0.046390296933983693,0.03333333333333333,0.0026795738326321904,-0.0006228290783905065,8.333333333333332,-0.012697118216246084,-0.00869328180467582
163,170606_fly4_LDM_017,103,3,11763.63,True,170606_fly4_LDM_016,1,exact_consistent,170606_fly4_LDM_017,403,False,F,167,171,2.0816681711721685e-17,0.6886174694808398,primary_selected,0.008661746723555732,0.465609626683564,0.6858361114972613,0.008773258955382293,0.45176146051235866,0.675497072647398,0.00917271781459567,0.4007007535267978,0.6380241428018713,0.011849677580463718,-0.00013985164481056245,,0.008860278784992317,0.4408318333993275,0.6658354840630543,0.009157797936257372,0.5196049450781957,0.8539853492850001,0.05646744919293353,0.03333333333333333,0.014861279537507968,0.0031372212495551412,0.026025293351190446,0.03333333333333333,0.008698357703500798,-0.0006228290783905065,0.0,-0.030442155841743087,-0.006162921834007171,0.008371074145835255,0.2552481483529635,0.6382647817485166,0.04538122286364139,0.025,0.009981602000349851,0.0009003003438741435,0.046390296933983693,0.03333333333333333,0.0026795738326321904,-0.0006228290783905065,8.333333333333332,0.0010090740703423001,-0.007302028167717661
164,170606_fly4_LDM_017,103,4,11763.63,True,170606_fly4_LDM_016,1,exact_consistent,170606_fly4_LDM_017,403,False,F,167,171,2.0816681711721685e-17,0.6851283168446332,primary_selected,0.007577492194992159,0.5322671784780908,0.7625477223393174,0.0076140177879389604,0.5277471094319098,0.7610728358974165,0.009162498305978853,0.3161282476257191,0.5963286984876688,0.011296244201027207,-0.039477265680256446,,0.007511420965749563,0.5403883222046648,0.7692837978654031,0.008470435566085328,0.4309419386011025,0.7811278909690799,0.033335377707814015,0.025,0.02621548171084741,-0.0006860661000956734,0.026025293351190446,0.03333333333333333,0.008698357703500798,-0.0006228290783905065,8.333333333333332,-0.007310084356623569,-0.01751712400734661,0.006648176823077026,0.5965175029482261,0.7742890974257415,0.05932779607060796,0.025,0.004102857453124058,-0.006424670637454556,0.046390296933983693,0.03333333333333333,0.0026795738326321904,-0.0006228290783905065,8.333333333333332,-0.012937499136624266,-0.0014232836204918675
165,170606_fly4_LDM_017,103,5,11763.63,True,170606_fly4_LDM_016,1,exact_consistent,170606_fly4_LDM_017,403,False,F,167,171,6.938893903907228e-18,0.5862331423708118,primary_selected,0.005810104546263206,0.6180196048128589,0.7862947635395834,0.005932193493171031,0.6017976709476696,0.7758799421500298,0.006981622176119873,0.4484487611948258,0.6706224672315387,0.009401368886133429,-0.00012749485989904663,,0.005914217904593969,0.6042072607111182,0.7773898935313276,0.005466574071311461,0.6491133740236692,0.8250212500693369,0.04224575515092792,0.03333333333333333,0.005055091724951857,0.007857273407852187,0.026025293351190446,0.03333333333333333,0.008698357703500798,-0.0006228290783905065,0.0,-0.016220461799737473,0.0036432659785489412,0.006363835887552934,0.5537283415749616,0.7527042293287578,0.04575924584888241,0.025,0.010436483592116826,-0.0013181233210459785,0.046390296933983693,0.03333333333333333,0.0026795738326321904,-0.0006228290783905065,8.333333333333332,0.0006310510851012807,-0.007756909759484636
166,170606_fly4_LDM_017,103,7,11763.63,True,170606_fly4_LDM_016,1,exact_consistent,170606_fly4_LDM_017,403,False,F,167,171,1.3877787807814457e-17,0.18408342947694362,primary_selected,0.011503686918496335,0.2378899953250424,0.5176155631907889,0.011596190034156547,0.22558420295727966,0.5063682559919913,0.012455374937315604,0.10657692185340661,0.38630810771529317,0.013367769210091413,-0.029109136287958748,,0.01145028913105386,0.24494869561377608,0.5243977045789895,0.012650579481094147,0.07332919886245604,0.4237075399054342,0.047566196303892874,0.025,0.010747956068672682,0.015055435552374787,0.026025293351190446,0.03333333333333333,0.008698357703500798,-0.0006228290783905065,8.333333333333332,-0.021540902952702428,-0.0020495983651718837,0.010435807846499615,0.32400358262841944,0.574363583536196,0.04514586663274194,0.025,0.019302265998349836,-0.004464325909229585,0.046390296933983693,0.03333333333333333,0.0026795738326321904,-0.0006228290783905065,8.333333333333332,0.0012444303012417515,-0.016622692165717646
167,170607_fly1_LDM_001,104,1,11691.81,False,170607_fly1_LDM,1,unique_date_sequence_depth_genotype_match,170607_fly4_LDM_001,404,True,F,268,273,2.0816681711721685e-17,0.5337335723332677,secondary_author_excluded,0.008631596052749982,0.5427384668876976,0.7607521503775567,0.008382689955252265,0.5687299892382807,0.786959135953901,0.009555783651862718,0.4395781367666285,0.6857432608490457,0.01277238358007137,-0.001212719321932454,,0.008384310692928531,0.5685632067066668,0.7840162694085785,0.00820157987169601,0.5563335996656189,0.8114789378921169,0.043442496868580996,0.03333333333333333,0.017340035330906778,0.0021834458117690556,0.02602812937325975,0.03333333333333333,0.009173792815365808,-0.0005108471453261446,0.0,-0.017414367495321246,-0.00816624251554097,0.008559969005782986,0.5700297493145139,0.7758937533433229,0.057986833058248054,0.03333333333333333,0.014917753082013728,-0.0011863481284506395,0.04582763425749854,0.03333333333333333,0.002774044324198613,-0.0005108471453261446,0.0,-0.012159198800749511,-0.012143708757815116
168,170607_fly1_LDM_001,104,2,11691.81,True,170607_fly1_LDM,1,unique_date_sequence_depth_genotype_match,170607_fly4_LDM_001,404,True,F,268,273,2.0816681711721685e-17,0.4698391430963915,primary_selected,0.0065723570403423085,0.5917786513032351,0.7851754951195103,0.006338407830810384,0.620323449086515,0.8081041389049998,0.007208992356022075,0.5088631202818952,0.7344262795807658,0.010395182291142033,-0.021216059519273633,,0.006419336110123956,0.6105661952245062,0.7999265445236248,0.006433466967519887,0.5421381870005486,0.7518845296015022,0.03000374184597285,0.03333333333333333,0.023850125630647475,-0.0027523177331675833,0.02602812937325975,0.03333333333333333,0.009173792815365808,-0.0005108471453261446,0.0,-0.003975612472713101,-0.014676332815281667,0.0062419011877141465,0.6717432530696483,0.8462209473768529,0.04946827964626192,0.03333333333333333,0.013580992082803209,-0.00011136923974401462,0.04582763425749854,0.03333333333333333,0.002774044324198613,-0.0005108471453261446,0.0,-0.0036406453887633805,-0.010806947758604597
169,170607_fly1_LDM_003,104,1,11700.07,True,170607_fly1_LDM_002,1,unique_date_sequence_depth_genotype_match,170607_fly4_LDM_003,404,True,F,184,164,2.7755575615628914e-17,0.6500041224512677,primary_selected,0.00622089732620789,0.6619460412497336,0.8289178860952489,0.006175920715646347,0.6668165789538043,0.835444282239943,0.007387953719115713,0.5232087338397752,0.7372870264665673,0.010726269225226214,-0.005026112735127208,,0.006110584066180849,0.6738289545980298,0.8385713556596522,0.006005551601793947,0.576106380247912,0.769234588085476,0.029692570386020713,0.03333333333333333,0.022495437555476797,-0.002704661073071563,0.02602812937325975,0.03333333333333333,0.009173792815365808,-0.0005108471453261446,0.0,-0.0036644410127609633,-0.013321644740110989,0.006341714541832481,0.7059575436007819,0.8769627852862554,0.05960064536462444,0.025,0.017659496698077946,-0.0010432114737638522,0.04582763425749854,0.03333333333333333,0.002774044324198613,-0.0005108471453261446,8.333333333333332,-0.0137730111071259,-0.014885452373879334
170,170607_fly1_LDM_003,104,2,11700.07,True,170607_fly1_LDM_002,1,unique_date_sequence_depth_genotype_match,170607_fly4_LDM_003,404,True,F,184,164,1.3877787807814457e-17,0.751756752037753,primary_selected,0.005485993858436918,0.7108084637457651,0.8554002022465792,0.0052108814355204605,0.7390860332604472,0.8771862431578512,0.006902737446521724,0.5421558664787345,0.7440418786851368,0.010208062037778323,-0.0012938429739839385,,0.004954504135106976,0.7641285729285286,0.8925492949787678,0.00536773784972695,0.6200783161399664,0.8542223986947046,0.030679969805470473,0.025,0.015519612533189859,-0.0013834490481743507,0.02602812937325975,0.03333333333333333,0.009173792815365808,-0.0005108471453261446,8.333333333333332,-0.004651840432210723,-0.006345819717824051,0.0050491544882992285,0.7820716885866631,0.914214089736655,0.05407317225396951,0.025,0.009547260219706089,0.0006970824560685348,0.04582763425749854,0.03333333333333333,0.002774044324198613,-0.0005108471453261446,8.333333333333332,-0.008245537996470965,-0.006773215895507475
171,170607_fly1_LDM_003,104,3,11700.07,True,170607_fly1_LDM_002,1,unique_date_sequence_depth_genotype_match,170607_fly4_LDM_003,404,True,F,184,164,1.3877787807814457e-17,0.7672619982493695,primary_selected,0.004399196755803607,0.747171418110548,0.8704019750285875,0.004519200826490351,0.7331896465134378,0.863491206322896,0.0059673557992664635,0.5347961908451665,0.7387857196068347,0.00879650501799338,-0.010880235656892223,,0.004497291502413041,0.7357703968510958,0.8646072062733872,0.0041351754161054926,0.6199112290192311,0.7977792073707937,0.026738650304327715,0.025,0.006370260965938988,0.0033748928938755374,0.02602812937325975,0.03333333333333333,0.009173792815365808,-0.0005108471453261446,8.333333333333332,-0.000710520931067965,0.0028035318494268203,0.004873056176398842,0.7630924673234881,0.9081407970039312,0.050393253713929574,0.025,0.009682686536416085,-0.0006440618207218228,0.04582763425749854,0.03333333333333333,0.002774044324198613,-0.0005108471453261446,8.333333333333332,-0.004565619456431032,-0.0069086422122174715
172,170607_fly1_LDM_003,104,4,11700.07,True,170607_fly1_LDM_002,1,unique_date_sequence_depth_genotype_match,170607_fly4_LDM_003,404,True,F,184,164,2.7755575615628914e-17,0.5132913692702635,primary_selected,0.008492046861498372,0.4971617069154062,0.7161442743053396,0.008340954786080317,0.5148957121390053,0.7332114261080919,0.009405054408627385,0.3832257924392126,0.628668148505695,0.01200845475092251,-0.005490174863952646,,0.008195308097741603,0.5316892253958574,0.7453552948668498,0.008042711540991607,0.3600334114289283,0.611851839433303,0.02600561350577425,0.025,0.021458681140061324,-0.004333115201062623,0.02602812937325975,0.03333333333333333,0.009173792815365808,-0.0005108471453261446,8.333333333333332,2.251586748550083e-05,-0.012284888324695516,0.008628895905924038,0.5654481998544232,0.8069355639287383,0.06133610687005858,0.03333333333333333,0.01601900412113369,-0.003851590302899252,0.04582763425749854,0.03333333333333333,0.002774044324198613,-0.0005108471453261446,0.0,-0.01550847261256004,-0.013244959796935078
173,170607_fly1_LDM_003,104,5,11700.07,True,170607_fly1_LDM_002,1,unique_date_sequence_depth_genotype_match,170607_fly4_LDM_003,404,True,F,184,164,2.0816681711721685e-17,0.6944400338222564,primary_selected,0.005813549987596179,0.6673234867985972,0.8264269385761506,0.005872097301858335,0.6605890842917379,0.8240665071805542,0.007115112908142587,0.5016862036976435,0.7159275064345062,0.010112823822004926,-0.006663220554206983,,0.0057911287483602015,0.6698846193349373,0.8291525722501825,0.0055593090972516175,0.5669168667663673,0.7608331585692502,0.028824592455729704,0.025,0.013939985858924028,-0.0017348085437133424,0.02602812937325975,0.03333333333333333,0.009173792815365808,-0.0005108471453261446,8.333333333333332,-0.0027964630824699535,-0.00476619304355822,0.006169046588104137,0.6867885872006375,0.868869365988349,0.06226546170484713,0.025,0.010984509546940106,-0.0034677693018912194,0.04582763425749854,0.03333333333333333,0.002774044324198613,-0.0005108471453261446,8.333333333333332,-0.01643782744734859,-0.008210465222741492
174,170607_fly1_LDM_003,104,6,11700.07,True,170607_fly1_LDM_002,1,unique_date_sequence_depth_genotype_match,170607_fly4_LDM_003,404,True,F,184,164,1.3877787807814457e-17,0.5739268667938358,primary_selected,0.007143831567401365,0.6402236101827323,0.8284163462949011,0.006985503839357804,0.655994237216714,0.8446091204612093,0.0078044978017717355,0.5706018472225136,0.7933730091818993,0.011910685544197181,-0.00010077634599658936,,0.006900428192009324,0.6643224256717455,0.848383951477954,0.006228227812550536,0.6234420504270209,0.8202940586448684,0.03942090438223974,0.025,0.021259980713384287,-0.0015673140511422922,0.02602812937325975,0.03333333333333333,0.009173792815365808,-0.0005108471453261446,8.333333333333332,-0.01339277500897999,-0.012086187898018479,0.007668357457391852,0.6740600279984517,0.8594836866849223,0.07267177380669021,0.025,0.015188067652078321,0.004890251844410007,0.04582763425749854,0.03333333333333333,0.002774044324198613,-0.0005108471453261446,8.333333333333332,-0.026844139549191667,-0.01241402332787971
175,170607_fly1_LDM_003,104,7,11700.07,False,170607_fly1_LDM_002,1,unique_date_sequence_depth_genotype_match,170607_fly4_LDM_003,404,True,F,184,164,2.0816681711721685e-17,0.37168718153140606,secondary_author_excluded,0.008675908631323791,0.4520055179233383,0.7368917220140188,0.008737798683257247,0.4441593367165715,0.7350086783940695,0.00916041339464306,0.38909118416610566,0.7003888342685161,0.012189515581863875,-0.08173066131641615,,0.008729907667412676,0.44516283132606793,0.7343497672001031,0.009358860823480575,0.2961653347243408,0.638260837584017,0.04710582921732656,0.03333333333333333,0.01667187385958211,0.0036927893436615364,0.02602812937325975,0.03333333333333333,0.009173792815365808,-0.0005108471453261446,0.0,-0.02107769984406681,-0.007498081044216303,0.008069075271986541,0.5658945329551917,0.8070754729065883,0.04488834877872887,0.025,0.025729004344893832,0.0026683208786408064,0.04582763425749854,0.03333333333333333,0.002774044324198613,-0.0005108471453261446,8.333333333333332,0.0009392854787696747,-0.02295496002069522
176,170607_fly1_LDM_005,104,1,11705.94,True,170607_fly1_LDM_004,1,unique_date_sequence_depth_genotype_match,170607_fly4_LDM_005,404,True,F,374,398,1.3877787807814457e-17,0.1459814715977697,primary_selected,0.011176183148169858,0.3205560221869851,0.5876451433806128,0.011016795355537729,0.3397974493918886,0.6079933694624249,0.011460638140146898,0.2855296115081629,0.5618113348690725,0.013720734066889798,-0.02405039029935807,,0.010947102302888994,0.3481240077936222,0.6148011568671107,0.011063406757131914,0.3000322506703984,0.5657537203448437,0.04297672060707857,0.025,0.019015209471732627,0.002339040035306162,0.02602812937325975,0.03333333333333333,0.009173792815365808,-0.0005108471453261446,8.333333333333332,-0.01694859123381882,-0.009841416656366819,0.010969985904177054,0.3616086885204669,0.6408907698466726,0.043501418108083924,0.03333333333333333,0.025381384711016697,0.003695217303579415,0.04582763425749854,0.03333333333333333,0.002774044324198613,-0.0005108471453261446,0.0,0.0023262161494146186,-0.022607340386818085
177,170607_fly1_LDM_005,104,2,11705.94,True,170607_fly1_LDM_004,1,unique_date_sequence_depth_genotype_match,170607_fly4_LDM_005,404,True,F,374,398,6.938893903907228e-18,0.495074018973518,primary_selected,0.005134413314426424,0.5135484082944362,0.7561910150480808,0.005248175226020768,0.4917532262241513,0.7420362022670479,0.005979931450315951,0.34014214944438204,0.6379569514260406,0.0073710650351356466,-0.002578675049288659,,0.005215970214446486,0.4979717199959768,0.7482953802119301,0.005719575888508034,0.08268348311718532,0.5490525749310603,0.016576708351681,0.025,0.01124881401891939,0.0024444216819187953,0.02602812937325975,0.03333333333333333,0.009173792815365808,-0.0005108471453261446,8.333333333333332,0.00945142102157875,-0.002075021203553582,0.004730025165010628,0.6851714378921123,0.841137664676477,0.039472628171062195,0.025,0.010998517913679265,-0.0008079177688352226,0.04582763425749854,0.03333333333333333,0.002774044324198613,-0.0005108471453261446,8.333333333333332,0.0063550060864363475,-0.008224473589480651
178,170607_fly1_LDM_005,104,3,11705.94,True,170607_fly1_LDM_004,1,unique_date_sequence_depth_genotype_match,170607_fly4_LDM_005,404,True,F,374,398,1.0408340855860843e-17,0.4168641696252452,primary_selected,0.004894999104381695,0.5538109771991058,0.7777684801185868,0.005193651861613817,0.49770446476610863,0.7465529429043268,0.005629608701517779,0.4098395973645397,0.6784760264540319,0.00734048328822964,-0.0033742622917913856,,0.005126274682484895,0.5106524763325029,0.7561746389584206,0.005824398679234028,0.1759501058878037,0.575261267113224,0.025638700498333736,0.025,0.010399355843400017,0.007206360183290782,0.02602812937325975,0.03333333333333333,0.009173792815365808,-0.0005108471453261446,8.333333333333332,0.0003894288749260143,-0.0012255630280342093,0.004474865287874735,0.6973938062968665,0.8489232834081382,0.042938413015796616,0.025,0.0073200593804453404,0.00022973555030882152,0.04582763425749854,0.03333333333333333,0.002774044324198613,-0.0005108471453261446,8.333333333333332,0.0028892212417019267,-0.004546015056246727
179,170607_fly1_LDM_005,104,4,11705.94,True,170607_fly1_LDM_004,1,unique_date_sequence_depth_genotype_match,170607_fly4_LDM_005,404,True,F,374,398,1.3877787807814457e-17,0.6282005850173514,primary_selected,0.004959788732218033,0.6085338883517741,0.7937194479465856,0.005241402343137865,0.5628174550416543,0.7674441744191802,0.005638275907475866,0.4941049090830577,0.7159797865330813,0.007950890484699755,-0.0060031948565273385,,0.005316101169299582,0.5502674809660972,0.7625330226462843,0.005460494509166613,0.3799216395180903,0.666552868821357,0.03240313829396092,0.025,0.008783653833664305,0.002238942707053035,0.02602812937325975,0.03333333333333333,0.009173792815365808,-0.0005108471453261446,8.333333333333332,-0.006375008920701173,0.000390138981701503,0.00501274343654884,0.6757827452432825,0.8281985015869624,0.04749513418160729,0.025,0.008368891941012863,-0.0017771419743370562,0.04582763425749854,0.03333333333333333,0.002774044324198613,-0.0005108471453261446,8.333333333333332,-0.0016674999241087507,-0.00559484761681425
180,170607_fly1_LDM_005,104,5,11705.94,True,170607_fly1_LDM_004,1,unique_date_sequence_depth_genotype_match,170607_fly4_LDM_005,404,True,F,374,398,1.0408340855860843e-17,0.5154224341437149,primary_selected,0.004804145377984291,0.6285513679849664,0.8142815705812897,0.005114840163217899,0.5789529639277438,0.787009885014638,0.005827303599713469,0.4534853962422626,0.7031437588186505,0.00797728031116391,-0.02417975480176393,,0.005183644218537143,0.5675490525901592,0.7825768771947954,0.0049663099303412,0.420462504767932,0.692066245590759,0.0320773418432034,0.025,0.004694051067873035,0.006438481929272462,0.02602812937325975,0.03333333333333333,0.009173792815365808,-0.0005108471453261446,8.333333333333332,-0.006049212469943648,0.004479741747492773,0.005259177261352596,0.639939916694733,0.8426565297779152,0.04227370480282321,0.03333333333333333,0.007115226995586421,-0.005207839261658874,0.04582763425749854,0.03333333333333333,0.002774044324198613,-0.0005108471453261446,0.0,0.0035539294546753294,-0.004341182671387808
181,170607_fly1_LDM_005,104,6,11705.94,True,170607_fly1_LDM_004,1,unique_date_sequence_depth_genotype_match,170607_fly4_LDM_005,404,True,F,374,398,2.0816681711721685e-17,0.6160330590678594,primary_selected,0.006854390624385701,0.5731003439837357,0.7610072124113205,0.007372974803418445,0.5060606762837738,0.712862916874702,0.00799204163505632,0.4196318393954259,0.6493439221226474,0.01049833965777987,-0.0014501651309890562,,0.007395882023526749,0.5029866514440386,0.7103804364092301,0.007343631594453943,0.5406706660591978,0.7627794240632519,0.05180407245333378,0.025,0.016486650748889053,0.005623512494030591,0.02602812937325975,0.03333333333333333,0.009173792815365808,-0.0005108471453261446,8.333333333333332,-0.02577594308007403,-0.0073128579335232455,0.007402201693322352,0.4664653470932809,0.6974641428688897,0.050245098760721744,0.025,0.007677285035815464,-0.003132152919183892,0.04582763425749854,0.03333333333333333,0.002774044324198613,-0.0005108471453261446,8.333333333333332,-0.004417464503223202,-0.004903240711616851
182,170607_fly1_LDM_005,104,7,11705.94,False,170607_fly1_LDM_004,1,unique_date_sequence_depth_genotype_match,170607_fly4_LDM_005,404,True,F,374,398,2.7755575615628914e-17,0.2427806557548166,secondary_author_excluded,0.014810973294707368,0.32447226680820074,0.6165850798748578,0.0150382935606474,0.3035770053551843,0.5947341791276621,0.015364307857703919,0.2730542751780617,0.5737841385747419,0.018130246096441396,-0.012239740928422949,,0.015160246656911505,0.292235916148773,0.5782886143215358,0.016314973971424177,0.2025489120407662,0.500386587014846,0.04938426133156028,0.025,0.041497337027778046,-0.0005214137987618406,0.02602812937325975,0.03333333333333333,0.009173792815365808,-0.0005108471453261446,8.333333333333332,-0.023356131958300528,-0.032323544212412236,0.013642659958533365,0.41039716447312735,0.6838330763229838,0.07764907442910167,0.025,0.0293161324060139,-0.008436167375294446,0.04582763425749854,0.03333333333333333,0.002774044324198613,-0.0005108471453261446,8.333333333333332,-0.03182144017160313,-0.02654208808181529
183,170607_fly1_LDM_007,104,1,11693.21,False,170607_fly1_LDM_006,1,unique_date_sequence_depth_genotype_match,170607_fly4_LDM_007,404,False,F,189,166,1.3877787807814457e-17,0.37845875244971083,secondary_author_excluded,0.016800425600875083,-0.20468376138620115,0.024965893345972892,0.016942839127267965,-0.22519400545167767,-0.0035424594682245156,0.01508685879896138,0.028528330059977236,0.2476814503757412,0.015307050917485182,-3.5788553514715105e-05,,0.017044768956499704,-0.23998013092060289,-0.012919414328279765,0.016807020938043586,-3.267182231560821,-0.05260626907947405,0.005457049797296391,0.025,0.011555371226767799,-0.010918398393071082,0.02602812937325975,0.03333333333333333,0.009173792815365808,-0.0005108471453261446,8.333333333333332,0.02057107957596336,-0.002381578411401991,0.01707757718685907,-2.265019247924724,0.21751924529793637,0.008727046360538195,0.008333333333333333,0.03370424217233902,0.028820197934839645,0.04582763425749854,0.03333333333333333,0.002774044324198613,-0.0005108471453261446,25.0,0.037100587896960344,-0.030930197848140408
184,170607_fly1_LDM_007,104,2,11693.21,False,170607_fly1_LDM_006,1,unique_date_sequence_depth_genotype_match,170607_fly4_LDM_007,404,False,F,189,166,2.0816681711721685e-17,0.3926552024541387,secondary_author_excluded,0.011842776795899606,0.23293292267086596,0.49251577951383535,0.011713595375013595,0.24957604170214065,0.5082997433528488,0.010328877459434763,0.4165112257832023,0.6801941176087108,0.013577080007877149,-0.008182162839875717,,0.01186330517410755,0.23027133560664115,0.49079654862678734,0.011508362427882739,-1.000768180698894,0.6738742442443564,0.03333581928665913,0.03333333333333333,0.014947710255353058,-0.009565189424271932,0.02602812937325975,0.03333333333333333,0.009173792815365808,-0.0005108471453261446,0.0,-0.00730768991339938,-0.00577391743998725,0.011915293846463743,0.17568818700007616,0.7045799994084155,0.038590649989563915,0.03333333333333333,0.03906513796156999,0.021856936359515355,0.04582763425749854,0.03333333333333333,0.002774044324198613,-0.0005108471453261446,0.0,0.007236984267934628,-0.036291093637371374
185,170607_fly1_LDM_007,104,3,11693.21,False,170607_fly1_LDM_006,1,unique_date_sequence_depth_genotype_match,170607_fly4_LDM_007,404,False,F,189,166,1.3877787807814457e-17,0.5561331345868712,secondary_author_excluded,0.011865218361949774,0.23140541168348283,0.49931451160188195,0.011910256226655248,0.22555949207684256,0.4920606590365405,0.01028499081300558,0.4224977666353258,0.6934751860658125,0.013634520559144124,-0.014905472194035818,,0.012009046992759932,0.212658867720385,0.48066214519988737,0.009488248298367355,-0.8327324606578339,0.6837645122532133,0.02864300381497788,0.03333333333333333,0.014085631443135332,-0.00696793218433685,0.02602812937325975,0.03333333333333333,0.009173792815365808,-0.0005108471453261446,0.0,-0.0026148744417181305,-0.004911838627769524,0.013916951929129062,-0.23215695108927514,0.7597294275195854,0.0390289574201581,0.03333333333333333,0.0405876346864806,0.026070885137821957,0.04582763425749854,0.03333333333333333,0.002774044324198613,-0.0005108471453261446,0.0,0.0067986768373404435,-0.03781359036228198
186,170607_fly1_LDM_007,104,4,11693.21,True,170607_fly1_LDM_006,1,unique_date_sequence_depth_genotype_match,170607_fly4_LDM_007,404,False,F,189,166,2.0816681711721685e-17,0.6719971071177955,primary_selected,0.008573660139158237,0.4186778046299594,0.6482964957831315,0.008479384053964834,0.43139196937823443,0.6578911599445517,0.007180288312065156,0.5922742476207956,0.8002095923235156,0.011251386420311274,-0.0011437900603996631,,0.008660735370720249,0.40680987205539443,0.6388008356252194,0.007381278719184294,0.23234407246011513,0.8228364353303703,0.04316201585198111,0.03333333333333333,0.008417143897393661,-0.002000057867640152,0.02602812937325975,0.03333333333333333,0.009173792815365808,-0.0005108471453261446,0.0,-0.01713388647872136,0.0007566489179721466,0.009450747713222657,0.2853561827971184,0.7789790528110896,0.03564787959082867,0.025,0.02672978585463168,0.019231704165111725,0.04582763425749854,0.03333333333333333,0.002774044324198613,-0.0005108471453261446,8.333333333333332,0.010179754666669871,-0.023955741530433068
187,170607_fly1_LDM_007,104,5,11693.21,True,170607_fly1_LDM_006,1,unique_date_sequence_depth_genotype_match,170607_fly4_LDM_007,404,False,F,189,166,2.0816681711721685e-17,0.5401714457427872,primary_selected,0.006874990783997828,0.5605845397642135,0.7500942059793537,0.006753442019992179,0.5759847821553186,0.7620368894794018,0.006038217245568314,0.6610399144029181,0.8389122725887637,0.010372560719817719,-0.00023734156646293414,,0.006842386386075406,0.564742481096237,0.7532551478691139,0.006230972425454238,0.4179472328827972,0.7555302096905216,0.034704942360319534,0.03333333333333333,0.013883584800948288,-0.0036545899961273167,0.02602812937325975,0.03333333333333333,0.009173792815365808,-0.0005108471453261446,0.0,-0.008676812987059784,-0.00470979198558248,0.007238296820939373,0.6163333915889286,0.8339726821107544,0.046039780195176114,0.025,0.027752716676300998,0.014358006430874575,0.04582763425749854,0.03333333333333333,0.002774044324198613,-0.0005108471453261446,8.333333333333332,-0.0002121459376775714,-0.024978672352102386
188,170607_fly1_LDM_007,104,6,11693.21,True,170607_fly1_LDM_006,1,unique_date_sequence_depth_genotype_match,170607_fly4_LDM_007,404,False,F,189,166,2.0816681711721685e-17,0.6032240674108786,primary_selected,0.006756756227658574,0.5291628992495103,0.7321785904130819,0.006703928870530674,0.5364965500065834,0.7379352480674006,0.005408779080117691,0.6982879456369135,0.8631309361236779,0.009886422077869854,-0.008027710719792802,,0.0069393390249500204,0.5033729314535937,0.7155962685790312,0.006885319895128894,0.12635954894088297,0.7997014182842276,0.03203507692655161,0.025,0.010056078281978485,-0.005766545756134888,0.02602812937325975,0.03333333333333333,0.009173792815365808,-0.0005108471453261446,8.333333333333332,-0.006006947553291859,-0.0008822854666126773,0.006517491430298285,0.6168021677267141,0.8572886715755734,0.0461674182923275,0.025,0.021726067036342327,0.014265475427276127,0.04582763425749854,0.03333333333333333,0.002774044324198613,-0.0005108471453261446,8.333333333333332,-0.0003397840348289549,-0.018952022712143714
189,170607_fly1_LDM_007,104,7,11693.21,True,170607_fly1_LDM_006,1,unique_date_sequence_depth_genotype_match,170607_fly4_LDM_007,404,False,F,189,166,1.3877787807814457e-17,0.6098460557416622,primary_selected,0.006892829622864145,0.24068940570241548,0.6048018978358,0.006968420313914885,0.22394402281823955,0.5923857242544883,0.005657365696255274,0.4884914735093997,0.7244326164349205,0.008009421648543952,-0.025242702081654578,,0.007016017619556554,0.21330622438714741,0.5907985686747617,0.007752764103809267,-1.9440851274960433,0.6091592859557992,0.020965395279692666,0.03333333333333333,-0.0004790153484230202,0.0037000864249126385,0.02602812937325975,0.03333333333333333,0.009173792815365808,-0.0005108471453261446,0.0,0.005062734093567084,0.009652808163788829,0.0060837827125440405,0.47114239609622666,0.8191129725451194,0.030078875101651793,0.025,0.022733326621947866,0.01276929745437463,0.04582763425749854,0.03333333333333333,0.002774044324198613,-0.0005108471453261446,8.333333333333332,0.01574875915584675,-0.019959282297749254
190,170607_fly2_LDM_009,105,1,11755.36,False,170607_fly2_LDM_008,1,unique_date_sequence_depth_genotype_match,170607_fly5_LDM_009,405,True,F,187,196,3.469446951953614e-18,0.10054170280891565,secondary_author_excluded,0.009379621142851947,-2.719101448875091,-0.07120169971307738,0.009371342969173023,-2.712539609916203,-0.0754868278741097,0.009036920655462483,-2.452298738961749,-0.1375745841222874,0.005463390828846371,-0.2618042035238197,,0.009414586520453593,-2.7468812847239326,-0.06638471477128978,0.008842628782103904,-2.174155536393279,-0.19982835957517978,0.007742710311252635,0.058333333333333334,0.012321631329542832,-0.00035882861240474145,0.02690971374675117,0.025,0.009518002658133287,-0.0005132559111908522,-33.333333333333336,0.019167003435498535,-0.002803628671409545,0.009871780706318637,-4.9211550222198746,-0.04327524448972751,0.008763942541152994,0.041666666666666664,0.008354536900745103,-0.003221335567525351,0.04491745888295649,0.03333333333333333,0.002670341520346539,-0.0005132559111908522,-8.333333333333332,0.0361535163418035,-0.005684195380398564
191,170607_fly2_LDM_009,105,2,11755.36,False,170607_fly2_LDM_008,1,unique_date_sequence_depth_genotype_match,170607_fly5_LDM_009,405,True,F,187,196,2.0816681711721685e-17,0.7818558671970935,secondary_author_excluded,0.008287962739557007,0.5083850179060964,0.7287301098430606,0.00809117714027502,0.531453229978199,0.7499640867955782,0.00869990450847112,0.4583004169560835,0.7016088378943938,0.011893894313762303,-0.012459547359605194,,0.008208538843423825,0.517762204767034,0.7372425684356056,0.00841103551427809,0.23401959327203126,0.5063951446960475,0.03938723769806629,0.041666666666666664,0.011340466565257811,0.0013489293432369803,0.02690971374675117,0.025,0.009518002658133287,-0.0005132559111908522,-16.666666666666664,-0.012477523951315121,-0.0018224639071245247,0.007758142600401905,0.6587080743932016,0.887172474021485,0.07063252862353972,0.03333333333333333,0.008852192542140909,-0.004673064876496042,0.04491745888295649,0.03333333333333333,0.002670341520346539,-0.0005132559111908522,0.0,-0.025715069740583227,-0.00618185102179437
192,170607_fly2_LDM_009,105,3,11755.36,True,170607_fly2_LDM_008,1,unique_date_sequence_depth_genotype_match,170607_fly5_LDM_009,405,True,F,187,196,2.0816681711721685e-17,0.7204921379506225,primary_selected,0.007065743018419,0.5984514970984702,0.7949911725962615,0.006834033168432974,0.6243559627540723,0.8178206763641847,0.007862129396276783,0.5028325246400274,0.7355645576308733,0.011242255287861557,-0.016551114621726093,,0.0067538036462559455,0.6331240903897302,0.8223578719282152,0.00715711173586444,0.4946343345421448,0.7108292601620437,0.04198262002008325,0.03333333333333333,0.01752432694471507,0.00019616484652469125,0.02690971374675117,0.025,0.009518002658133287,-0.0005132559111908522,-8.333333333333332,-0.015072906273332083,-0.008006324286581783,0.006494903409199831,0.6842301841144081,0.9009345665642241,0.05247204977956967,0.03333333333333333,0.009210662934523255,-0.0025413185310397147,0.04491745888295649,0.03333333333333333,0.002670341520346539,-0.0005132559111908522,0.0,-0.0075545908966131795,-0.006540321414176716
193,170607_fly2_LDM_009,105,4,11755.36,False,170607_fly2_LDM_008,1,unique_date_sequence_depth_genotype_match,170607_fly5_LDM_009,405,True,F,187,196,4.163336342344337e-17,0.6937738607342586,secondary_author_excluded,0.012532724463309603,0.4534051990978172,0.7604317267329602,0.012464873631279594,0.4593075900491137,0.7684029754488014,0.013321881205515463,0.3824023619333131,0.7072970920463553,0.017080681875289584,-0.015277873260319819,,0.012505203682393483,0.4558031133832465,0.7599824312379614,0.010372249056767528,0.09895161951334497,0.5078994198545964,0.033930851160420494,0.041666666666666664,0.025824659550002137,0.009102949583098669,0.02690971374675117,0.025,0.009518002658133287,-0.0005132559111908522,-16.666666666666664,-0.007021137413669325,-0.016306656891868852,0.014253511805584046,0.5372243529346855,0.8897148345125668,0.09980099335064323,0.03333333333333333,0.012149493615411986,-0.00308115331711823,0.04491745888295649,0.03333333333333333,0.002670341520346539,-0.0005132559111908522,0.0,-0.054883534467686734,-0.009479152095065446
194,170607_fly2_LDM_009,105,5,11755.36,False,170607_fly2_LDM_008,1,unique_date_sequence_depth_genotype_match,170607_fly5_LDM_009,405,True,F,187,196,1.3877787807814457e-17,0.7645322851053284,secondary_author_excluded,0.011292980257282764,0.4547051315964168,0.726794291668459,0.011152859378665897,0.4681529854454065,0.7446569904411088,0.011900733298593117,0.39443367282049313,0.6897844596530474,0.015394732801304755,-0.013347928059748604,,0.011261488077531379,0.45774216514029376,0.7303623362364876,0.008995619344267998,0.2056775423654511,0.4762167237110212,0.03481593975756578,0.041666666666666664,0.022680724109328133,0.0011173854582084148,0.02690971374675117,0.025,0.009518002658133287,-0.0005132559111908522,-16.666666666666664,-0.007906226010814608,-0.013162721451194846,0.012955746881350493,0.5238671466258835,0.8691658044245546,0.09651200134064315,0.03333333333333333,0.016068073693138413,-0.006895104066513782,0.04491745888295649,0.03333333333333333,0.002670341520346539,-0.0005132559111908522,0.0,-0.05159454245768666,-0.013397732172791874
195,170607_fly2_LDM_011,105,1,11761.11,False,170607_fly2_LDM_010,1,unique_date_sequence_depth_genotype_match,170607_fly5_LDM_011,405,True,F,200,159,2.7755575615628914e-17,0.6443047981239252,secondary_author_excluded,0.010224287907233282,0.34254390627018094,0.5968555496822541,0.00999287636980301,0.3719681874494841,0.6242414085318281,0.009149290168208575,0.47352783197153125,0.7299432244777149,0.012705807336984742,-0.015325154077602932,,0.010089702172097065,0.3597386172947088,0.6131681065246782,0.009869972709906513,-0.32547504077943734,0.30477590938533333,0.03181057307071935,0.041666666666666664,0.005265853464962113,0.00040124637612045386,0.02690971374675117,0.025,0.009518002658133287,-0.0005132559111908522,-16.666666666666664,-0.004900859323968179,0.004252149193171174,0.010114286677271683,0.5680401688942166,0.808090005737325,0.06993106770349346,0.03333333333333333,0.015409581955025725,0.0020245792081722436,0.04491745888295649,0.03333333333333333,0.002670341520346539,-0.0005132559111908522,0.0,-0.025013608820536964,-0.012739240434679187
196,170607_fly2_LDM_011,105,2,11761.11,True,170607_fly2_LDM_010,1,unique_date_sequence_depth_genotype_match,170607_fly5_LDM_011,405,True,F,200,159,4.163336342344337e-17,0.5568742432618298,primary_selected,0.0075441246964800075,0.5386511447913191,0.7398400164189627,0.0075659321859615596,0.5359800856640645,0.7379330387021267,0.007222158006346638,0.5771895601053282,0.7851112537289823,0.011114681362881266,-0.0013957974200142775,,0.007598785512960001,0.5319415360998102,0.7338391826471306,0.0068918859275866355,0.17812664353772512,0.5565476897597513,0.02543536782802374,0.03333333333333333,0.008503320370110189,0.001653403197957421,0.02690971374675117,0.025,0.009518002658133287,-0.0005132559111908522,-8.333333333333332,0.0014743459187274294,0.0010146822880230978,0.008184654424364625,0.6352316096177804,0.8641245762030726,0.07217903016815859,0.03333333333333333,-0.00277414838548448,-0.009039383897141854,0.04491745888295649,0.03333333333333333,0.002670341520346539,-0.0005132559111908522,0.0,-0.027261571285202096,0.005444489905831019
197,170607_fly2_LDM_011,105,3,11761.11,True,170607_fly2_LDM_010,1,unique_date_sequence_depth_genotype_match,170607_fly5_LDM_011,405,True,F,200,159,6.938893903907228e-18,0.3849472692461435,primary_selected,0.006425103669472848,0.25594618121738577,0.6503650495525226,0.006470479556994162,0.24539963664446107,0.6455346551792254,0.005518962658404562,0.4510168909991338,0.7323845377170999,0.007681008918881809,-0.06336071088154371,,0.006532872813963179,0.23077661714069786,0.6424722798823627,0.007422251508118668,-1.5997045682775801,0.4685163840576964,0.019511569746792738,0.025,0.004099543501195538,0.003269324070344448,0.02690971374675117,0.025,0.009518002658133287,-0.0005132559111908522,0.0,0.007398143999958431,0.005418459156937749,0.005352045771963175,0.6450982062807429,0.8139339577311312,0.045930073864211225,0.03333333333333333,0.006425052915395905,-0.005207190827117683,0.04491745888295649,0.03333333333333333,0.002670341520346539,-0.0005132559111908522,0.0,-0.0010126149812547322,-0.0037547113950493656
198,170607_fly2_LDM_011,105,4,11761.11,True,170607_fly2_LDM_010,1,unique_date_sequence_depth_genotype_match,170607_fly5_LDM_011,405,True,F,200,159,1.3877787807814457e-17,0.35931918294331633,primary_selected,0.007485113945285162,0.2198136222763507,0.5666737748985865,0.007275453684397449,0.2629080097341675,0.5910019848826394,0.006336298812602305,0.4409214488706984,0.6822118248388854,0.00854189618524932,-0.01603836974472661,,0.007354137358516384,0.24687856980839806,0.5852768838916289,0.007928950667570336,-1.0333019426369292,0.3249199409918717,0.01291918370926376,0.025,0.014924841421459322,-0.004141052087435638,0.02690971374675117,0.025,0.009518002658133287,-0.0005132559111908522,0.0,0.01399053003748741,-0.005406838763326035,0.006557148308438717,0.5829587319240632,0.7832842769166884,0.055574052761357975,0.03333333333333333,0.003980405424458706,-0.005653886217254367,0.04491745888295649,0.03333333333333333,0.002670341520346539,-0.0005132559111908522,0.0,-0.010656593878401482,-0.0013100639041121673
199,170607_fly2_LDM_011,105,5,11761.11,True,170607_fly2_LDM_010,1,unique_date_sequence_depth_genotype_match,170607_fly5_LDM_011,405,True,F,200,159,2.0816681711721685e-17,0.5764827287095882,primary_selected,0.005949094349371313,0.49374534912899315,0.7370648661654815,0.006132319918629763,0.46208095600579835,0.7201653760397844,0.005454944535150032,0.5743545542440176,0.7804715572361947,0.008505248691182871,-0.0347640841840724,,0.006268349802390513,0.43795154170267914,0.7084323885666269,0.007203724266612425,-0.7803976305964058,0.5381200400112314,0.020154404294334884,0.025,0.004353174377832422,0.0006364593998851043,0.02690971374675117,0.025,0.009518002658133287,-0.0005132559111908522,0.0,0.006755309452416286,0.005164828280300865,0.004828773328648384,0.7680952808613112,0.89070179916811,0.054280072958005514,0.03333333333333333,0.009097934963146145,-0.002334243384764319,0.04491745888295649,0.03333333333333333,0.002670341520346539,-0.0005132559111908522,0.0,-0.00936261407504902,-0.006427593442799606
200,170607_fly2_LDM_011,105,6,11761.11,True,170607_fly2_LDM_010,1,unique_date_sequence_depth_genotype_match,170607_fly5_LDM_011,405,True,F,200,159,1.3877787807814457e-17,0.7112291666726092,primary_selected,0.005786058336376076,0.6539099697910238,0.8130837236597408,0.00565980342708586,0.6688489256301287,0.8245770411253434,0.005878573215068019,0.642754032050559,0.8179701156654615,0.00985268140502533,-0.00353460350007051,,0.00589598980393613,0.6406340539662533,0.8046381705457717,0.005591200064159524,0.30012885037300063,0.6347483600756504,0.025942746156555247,0.025,0.014955562155589183,0.0011611621845232195,0.02690971374675117,0.025,0.009518002658133287,-0.0005132559111908522,0.0,0.0009669675901959225,-0.005437559497455896,0.005727585137651662,0.7787067048723666,0.9197511289365424,0.058963985039291,0.03333333333333333,0.011603482471135023,0.00188806613975848,0.04491745888295649,0.03333333333333333,0.002670341520346539,-0.0005132559111908522,0.0,-0.014046526156334505,-0.008933140950788485
201,170607_fly2_LDM_011,105,7,11761.11,False,170607_fly2_LDM_010,1,unique_date_sequence_depth_genotype_match,170607_fly5_LDM_011,405,True,F,200,159,3.469446951953614e-18,0.03795384365421618,secondary_author_excluded,0.009626121270359334,-1.922866465712607,-0.004454489098517039,0.009518715059892319,-1.8580049087867994,0.016250129268940355,0.009094825134369204,-1.609125828218633,-0.005276416976591805,0.006268018817741302,-0.23927275101018153,,0.009620746623028675,-1.9196034711125827,0.00927890398942853,0.008818828566275144,-1.4831387523765507,-0.0462652760442755,0.009580358692350747,0.05,0.012725154314354174,-0.004130700147243683,0.02690971374675117,0.025,0.009518002658133287,-0.0005132559111908522,-25.0,0.017329355054400423,-0.0032071516562208868,0.010170552369536828,-2.682592506588863,0.02579764537328135,0.0037467681274389905,0.008333333333333333,0.016837850874203236,0.002185969662364008,0.04491745888295649,0.03333333333333333,0.002670341520346539,-0.0005132559111908522,25.0,0.041170690755517506,-0.014167509353856696
202,170622_fly2_LDM_007,122,1,11784.23,False,170622_fly2_LDM_006,0,unresolved,unknown,,False,unknown,196,195,5.204170427930421e-18,0.17867147364137012,secondary_author_excluded,0.017630948189759944,-0.34620982193670935,0.09562709547018797,0.017643680736748928,-0.3481549095037715,0.09038160106185672,0.017286116297047138,-0.29406555488729924,0.11806144382463596,0.016699434910874993,-0.20771640944209202,,0.017691690610159624,-0.3555017673538021,0.0873943419686551,0.01781839106614862,-0.4760091494726093,0.12998966285417876,0.016711313324151652,0.03333333333333333,0.03315465463598341,-0.016047519021845733,0.02611908285651822,0.025,0.008994186667244415,-0.0005001129716088647,-8.333333333333332,0.009407769532366567,-0.024160467968738997,0.017467223010382775,-0.27613320226008,0.08203901186127927,0.013522294409985751,0.041666666666666664,0.08039115805907288,0.0009358643795424652,0.04570642695488884,0.03333333333333333,0.0027915764777465242,-0.0005001129716088647,-8.333333333333332,0.03218413254490309,-0.07759958158132635
203,170622_fly2_LDM_007,122,2,11784.23,False,170622_fly2_LDM_006,0,unresolved,unknown,,False,unknown,196,195,6.938893903907228e-18,0.07094313696057633,secondary_author_excluded,0.021923162532991355,-0.03118981992145864,0.13359227507948324,0.021876780166700045,-0.026831103112253896,0.137922349793359,0.021340995495658207,0.022849276383780426,0.20182452900008563,0.021664839399942123,-0.0070317368392975865,,0.021964064315165933,-0.03504116631014975,0.1281885461294079,0.027404283257847724,-0.08465473863344641,0.0983494806799175,0.03502940565229727,0.03333333333333333,0.05080052183618077,-0.0022856761547365083,0.02611908285651822,0.025,0.008994186667244415,-0.0005001129716088647,-8.333333333333332,-0.008910322795779052,-0.04180633516893636,0.014359396924936926,-0.07997657564232052,0.28864992336343254,0.05566892253042621,0.05,0.03682521692113812,0.009172309803992973,0.04570642695488884,0.03333333333333333,0.0027915764777465242,-0.0005001129716088647,-16.66666666666667,-0.00996249557553737,-0.03403364044339159
204,170622_fly2_LDM_007,122,3,11784.23,False,170622_fly2_LDM_006,0,unresolved,unknown,,False,unknown,196,195,3.469446951953614e-17,0.26683469417960093,secondary_author_excluded,0.01752456131297796,0.05820979279539673,0.27473140163650545,0.01741461609429897,0.06998989024787972,0.2878661040609996,0.016925664825025687,0.12148064779072709,0.34922347146774985,0.018059827916985863,-0.00020051891748673611,,0.01745449100897695,0.06572605462976211,0.28397715664338535,0.017629769551726904,0.04125683222099796,0.3968514884054896,0.05315405763052941,0.03333333333333333,0.043220553944736284,-0.003332293774409408,0.02611908285651822,0.025,0.008994186667244415,-0.0005001129716088647,-8.333333333333332,-0.027034974774011192,-0.03422636727749187,0.01719677100436696,-0.13031615042566957,0.2868007333273051,0.020996942114750398,0.03333333333333333,0.03172292500268746,0.012361999082379903,0.04570642695488884,0.03333333333333333,0.0027915764777465242,-0.0005001129716088647,0.0,0.024709484840138445,-0.028931348524940937
205,170622_fly2_LDM_007,122,4,11784.23,False,170622_fly2_LDM_006,0,unresolved,unknown,,False,unknown,196,195,3.122502256758253e-17,0.5158682094877451,secondary_author_excluded,0.04325523007085639,-0.010320901395538984,0.17128454678082614,0.04328004144564441,-0.011480282117596774,0.16846232155866686,0.04328448060557232,-0.011687784368443976,0.16851773718413932,0.04388302649689257,-0.03986085375068882,,0.04336529472901179,-0.01546904656407877,0.15674601150376946,0.04997540311633204,-0.04158357102251875,0.22123574868656412,0.08775128343410746,0.025,0.07967272198703801,-0.0029209525766254996,0.02611908285651822,0.025,0.008994186667244415,-0.0005001129716088647,0.0,-0.06163220057758924,-0.0706785353197936,0.03533812471585758,0.008641346704304165,0.1522150900055115,0.07041402363104801,0.03333333333333333,0.050773496137804956,-0.012072302736031444,0.04570642695488884,0.03333333333333333,0.0027915764777465242,-0.0005001129716088647,0.0,-0.02470759667615917,-0.04798191966005843
206,170622_fly2_LDM_007,122,5,11784.23,False,170622_fly2_LDM_006,0,unresolved,unknown,,False,unknown,196,195,1.0408340855860843e-17,0.39529716810442445,secondary_author_excluded,0.015686089967675967,0.02693232655683886,0.37629302737986253,0.015511348789399956,0.0484912883307953,0.4000182457483493,0.015063339952477816,0.10266171631234122,0.4619008467581968,0.01674238514410852,-0.1085321632504539,,0.015366657587546228,0.06616000548262158,0.41990441117471916,0.01818624261166826,-0.14679856538462932,0.3330101254135652,0.04163604587265923,0.03333333333333333,0.027867027235931114,-0.015251950343813315,0.02611908285651822,0.025,0.008994186667244415,-0.0005001129716088647,-8.333333333333332,-0.015516963016141014,-0.018872840568686697,0.01226639564837123,0.2524246641446204,0.522293325197022,0.030844468258430888,0.025,0.0536763620228295,0.004764374278386227,0.04570642695488884,0.03333333333333333,0.0027915764777465242,-0.0005001129716088647,8.333333333333332,0.014861958696457955,-0.050884785545082974
207,170622_fly2_LDM_007,122,6,11784.23,False,170622_fly2_LDM_006,0,unresolved,unknown,,False,unknown,196,195,1.3877787807814457e-17,0.22618027331776402,secondary_author_excluded,0.02103718040887875,0.0776982928573714,0.305642392683892,0.02096046944672232,0.08441227788128725,0.3151292873904665,0.02094852365422427,0.08545560415239573,0.3167884826209254,0.022065461309769163,-0.014668020027223783,,0.021013428327626024,0.07977977125130553,0.30839699781749397,0.02476285590855554,0.07303918262620801,0.27750417069353406,0.04229153466379984,0.03333333333333333,0.050179257804670446,0.003859079297414276,0.02611908285651822,0.025,0.008994186667244415,-0.0005001129716088647,-8.333333333333332,-0.01617245180728162,-0.04118507113742603,0.016293665214004983,0.03791993913243741,0.4415199907682633,0.05048948901110261,0.03333333333333333,0.011094667437367036,0.00030499988265088795,0.04570642695488884,0.03333333333333333,0.0027915764777465242,-0.0005001129716088647,0.0,-0.004783062056213767,-0.00830309095962051
208,170622_fly2_LDM_007,122,7,11784.23,False,170622_fly2_LDM_006,0,unresolved,unknown,,False,unknown,196,195,2.7755575615628914e-17,0.27540662556117873,secondary_author_excluded,0.03235292224814042,0.05759556882715067,0.256673310424602,0.032312472701819854,0.059950595773997306,0.26280970607512893,0.03229763179580918,0.06081391447687301,0.2702135708491906,0.033443652288886266,-0.007019059454378196,,0.0324583848054695,0.05144154221977948,0.2429066299458686,0.03334531656360091,0.01977042895428127,0.2915953170533642,0.050902772731635654,0.03333333333333333,0.090775719770503,-0.022635389422688047,0.02611908285651822,0.025,0.008994186667244415,-0.0005001129716088647,-8.333333333333332,-0.024783689875117434,-0.08178153310325859,0.031245506036627863,0.06851385781234742,0.2706865092656959,0.03541912597733257,0.041666666666666664,0.19010551283032961,0.026253507898648106,0.04570642695488884,0.03333333333333333,0.0027915764777465242,-0.0005001129716088647,-8.333333333333332,0.010287300977556271,-0.1873139363525831
209,170622_fly2_LDM_009,122,1,11780.33,False,170622_fly2_LDM_008,0,unresolved,unknown,,False,unknown,232,184,5.204170427930421e-18,0.09858019507052275,secondary_author_excluded,0.007894012163116833,-1.7477709062960027,0.19961298863297056,0.007911828658442626,-1.7601881390147334,0.1796815283583296,0.00761271687138647,-1.555431797429871,0.13298880325884985,0.004762256555820213,-2.4212172481830052e-05,,0.00805146044919746,-1.858474131015507,0.16378082835567823,0.00662441728598998,-1.0652562832226833,0.25446238122386905,0.01212537642720574,0.05,0.00877326797842877,0.00409950261830424,0.02611908285651822,0.025,0.008994186667244415,-0.0005001129716088647,-25.0,0.01399370642931248,0.00022091868881564565,0.00901727015577249,-2.5219612724900355,0.11388699580850524,0.012294051078845325,0.05,0.008737196870997778,-0.003419987893558502,0.04570642695488884,0.03333333333333333,0.0027915764777465242,-0.0005001129716088647,-16.66666666666667,0.03341237587604352,-0.005945620393251254
210,170622_fly2_LDM_009,122,2,11780.33,False,170622_fly2_LDM_008,0,unresolved,unknown,,False,unknown,232,184,6.938893903907228e-18,0.3943783712734922,secondary_author_excluded,0.008727758725500492,0.02115530922059561,0.42917221146102363,0.008538994583148263,0.06303837937192591,0.45016000627974045,0.008344069458831387,0.10532737917051582,0.4467725819962403,0.008834858337863868,-0.00301518088914543,,0.00861348178675662,0.04662050886918112,0.4447329954489723,0.00836803953192905,-0.12577231608765493,0.34250651145202743,0.034359663686548005,0.041666666666666664,0.010191138378726561,0.0038282771036086596,0.02611908285651822,0.025,0.008994186667244415,-0.0005001129716088647,-16.666666666666664,-0.008240580830029785,-0.0011969517114821457,0.008706593557422062,0.17383619725144905,0.5353706009040616,0.04215561220828687,0.03333333333333333,0.008544957443404997,-0.0028989753145093745,0.04570642695488884,0.03333333333333333,0.0027915764777465242,-0.0005001129716088647,0.0,0.003550814746601974,-0.005753380965658473
211,170622_fly2_LDM_009,122,3,11780.33,False,170622_fly2_LDM_008,0,unresolved,unknown,,False,unknown,232,184,1.3877787807814457e-17,0.5002696386925587,secondary_author_excluded,0.00916675377770657,0.14254523747561165,0.48180084163359976,0.008887537912701086,0.1939851984510632,0.5144531284399337,0.0090422970951583,0.1656704436921158,0.47578417328556083,0.010017558330454585,-0.02400916662810504,,0.00903257585255049,0.16746343060409763,0.49914793565715254,0.0072826819374847305,0.3027353460260973,0.5789170149274624,0.030017816172712056,0.041666666666666664,0.015633300205917335,0.0015402133659012441,0.02611908285651822,0.025,0.008994186667244415,-0.0005001129716088647,-16.666666666666664,-0.0038987333161938365,-0.006639113538672919,0.010243983800105895,0.11355089833168663,0.47168626719580964,0.03655062969410741,0.03333333333333333,0.019337022979055377,0.0019487150758882923,0.04570642695488884,0.03333333333333333,0.0027915764777465242,-0.0005001129716088647,0.0,0.009155797260781431,-0.016545446501308854
212,170622_fly2_LDM_009,122,4,11780.33,False,170622_fly2_LDM_008,0,unresolved,unknown,,False,unknown,232,184,2.0816681711721685e-17,0.4806165142986537,secondary_author_excluded,0.008046657360340546,0.27880478685695764,0.590192974017866,0.007761305520521344,0.32904811533360634,0.6215680707199249,0.00785224729841003,0.31323246717139686,0.5999486380920707,0.009650059911182583,-0.03724616355117916,,0.007903596307688247,0.3042209991048688,0.6072441143033677,0.006986585654191248,0.28301662158735963,0.6450524347370757,0.03925727073286472,0.041666666666666664,0.009747163655272395,0.002623898315875546,0.02611908285651822,0.025,0.008994186667244415,-0.0005001129716088647,-16.666666666666664,-0.013138187876346498,-0.0007529769880279796,0.008465420702032432,0.3536785408297827,0.6195345249526336,0.04246443306713469,0.03333333333333333,0.015675152046094522,0.0013798245243412392,0.04570642695488884,0.03333333333333333,0.0027915764777465242,-0.0005001129716088647,0.0,0.0032419938877541535,-0.012883575568347998
213,170622_fly2_LDM_009,122,5,11780.33,False,170622_fly2_LDM_008,0,unresolved,unknown,,False,unknown,232,184,1.3877787807814457e-17,0.5589666503691842,secondary_author_excluded,0.009200550048060958,0.17778165619258546,0.4932913808911354,0.008884967303730545,0.23321917221362742,0.5291663966023136,0.009623407545321669,0.10046651588508415,0.4127622776958577,0.010212898049884898,-0.01311225950838324,,0.008941277525673329,0.22346912579007427,0.5246457320308261,0.007653344076065265,0.21786633175905923,0.5926687919944836,0.026917095339375474,0.03333333333333333,0.021684199489718163,0.0027005419363486678,0.02611908285651822,0.025,0.008994186667244415,-0.0005001129716088647,-8.333333333333332,-0.0007980124828572549,-0.012690012822473748,0.00996552118205959,0.16931419124757208,0.49036955387859416,0.03436125787052631,0.03333333333333333,0.025809676608775128,0.003199084172183666,0.04570642695488884,0.03333333333333333,0.0027915764777465242,-0.0005001129716088647,0.0,0.011345169084362533,-0.023018100131028604
214,170622_fly2_LDM_009,122,6,11780.33,False,170622_fly2_LDM_008,0,unresolved,unknown,,False,unknown,232,184,1.0408340855860843e-17,0.44268905258397495,secondary_author_excluded,0.008709647175737014,0.2602659564549211,0.5701949325787592,0.008454439290074322,0.3029818272894693,0.5977236964889024,0.009242867692944991,0.1669176102284442,0.48534155864673884,0.010330810228527736,-0.04074240241111804,,0.008627554091156972,0.27414501624187904,0.5792093502688491,0.0072990764620476725,0.2472305340261235,0.6308232905527283,0.022782531204481173,0.03333333333333333,0.025846636774471153,0.0008164056703929045,0.02611908285651822,0.025,0.008994186667244415,-0.0005001129716088647,-8.333333333333332,0.003336551652037046,-0.01685245010722674,0.009469876990768483,0.30342266594585043,0.5756557835820384,0.039229598650419285,0.03333333333333333,0.02351202437476358,0.005232347539681715,0.04570642695488884,0.03333333333333333,0.0027915764777465242,-0.0005001129716088647,0.0,0.006476828304469558,-0.020720447897017057
